USE dw_project;

-- INSERT dim_user
INSERT INTO dim_user (user_id, user_name) VALUES (1, 'Bayan');
INSERT INTO dim_user (user_id, user_name) VALUES (2, 'Leen');
INSERT INTO dim_user (user_id, user_name) VALUES (3, 'Noor');
INSERT INTO dim_user (user_id, user_name) VALUES (4, 'Sara');
INSERT INTO dim_user (user_id, user_name) VALUES (5, 'Shahd');

-- INSERT dim_website
INSERT INTO dim_website (website_id, website_name, website_url, category) VALUES (1, 'Kaggle', 'https://www.kaggle.com', 'Learning');
INSERT INTO dim_website (website_id, website_name, website_url, category) VALUES (2, 'Twitch', 'https://www.twitch.tv', 'Entertainment');
INSERT INTO dim_website (website_id, website_name, website_url, category) VALUES (3, 'TikTok', 'https://www.tiktok.com', 'Social Media');
INSERT INTO dim_website (website_id, website_name, website_url, category) VALUES (4, 'Wikipedia', 'https://www.wikipedia.org', 'Reference');
INSERT INTO dim_website (website_id, website_name, website_url, category) VALUES (5, 'W3Schools', 'https://www.w3schools.com', 'Learning');
INSERT INTO dim_website (website_id, website_name, website_url, category) VALUES (6, 'Twitter / X', 'https://www.twitter.com', 'Social Media');
INSERT INTO dim_website (website_id, website_name, website_url, category) VALUES (7, 'Canva', 'https://www.canva.com', 'Design');
INSERT INTO dim_website (website_id, website_name, website_url, category) VALUES (8, 'Facebook', 'https://www.facebook.com', 'Social Media');
INSERT INTO dim_website (website_id, website_name, website_url, category) VALUES (9, 'LinkedIn', 'https://www.linkedin.com', 'Social Media');
INSERT INTO dim_website (website_id, website_name, website_url, category) VALUES (10, 'Google', 'https://www.google.com', 'Search');
INSERT INTO dim_website (website_id, website_name, website_url, category) VALUES (11, 'Netflix', 'https://www.netflix.com', 'Entertainment');
INSERT INTO dim_website (website_id, website_name, website_url, category) VALUES (12, 'Coursera', 'https://www.coursera.org', 'Learning');
INSERT INTO dim_website (website_id, website_name, website_url, category) VALUES (13, 'Instagram', 'https://www.instagram.com', 'Social Media');
INSERT INTO dim_website (website_id, website_name, website_url, category) VALUES (14, 'ChatGPT', 'https://www.chatgpt.com', 'AI Tools');
INSERT INTO dim_website (website_id, website_name, website_url, category) VALUES (15, 'Amazon', 'https://www.amazon.com', 'Shopping');
INSERT INTO dim_website (website_id, website_name, website_url, category) VALUES (16, 'YouTube', 'https://www.youtube.com', 'Entertainment');
INSERT INTO dim_website (website_id, website_name, website_url, category) VALUES (17, 'GitHub', 'https://www.github.com', 'Development');
INSERT INTO dim_website (website_id, website_name, website_url, category) VALUES (18, 'Reddit', 'https://www.reddit.com', 'Community');
INSERT INTO dim_website (website_id, website_name, website_url, category) VALUES (19, 'Spotify', 'https://www.spotify.com', 'Music');
INSERT INTO dim_website (website_id, website_name, website_url, category) VALUES (20, 'Stack Overflow', 'https://www.stackoverflow.com', 'Development');

-- INSERT dim_date
INSERT INTO dim_date (date_id, visit_date, day_of_week, month, month_num, quarter, week_of_year) VALUES (1, '2025-01-09', 'Thursday', 'January', 1, 1, 2);
INSERT INTO dim_date (date_id, visit_date, day_of_week, month, month_num, quarter, week_of_year) VALUES (2, '2025-01-10', 'Friday', 'January', 1, 1, 2);
INSERT INTO dim_date (date_id, visit_date, day_of_week, month, month_num, quarter, week_of_year) VALUES (3, '2025-01-11', 'Saturday', 'January', 1, 1, 2);
INSERT INTO dim_date (date_id, visit_date, day_of_week, month, month_num, quarter, week_of_year) VALUES (4, '2025-02-11', 'Tuesday', 'February', 2, 1, 7);
INSERT INTO dim_date (date_id, visit_date, day_of_week, month, month_num, quarter, week_of_year) VALUES (5, '2025-03-10', 'Monday', 'March', 3, 1, 11);
INSERT INTO dim_date (date_id, visit_date, day_of_week, month, month_num, quarter, week_of_year) VALUES (6, '2025-03-11', 'Tuesday', 'March', 3, 1, 11);
INSERT INTO dim_date (date_id, visit_date, day_of_week, month, month_num, quarter, week_of_year) VALUES (7, '2025-03-12', 'Wednesday', 'March', 3, 1, 11);
INSERT INTO dim_date (date_id, visit_date, day_of_week, month, month_num, quarter, week_of_year) VALUES (8, '2025-04-10', 'Thursday', 'April', 4, 2, 15);
INSERT INTO dim_date (date_id, visit_date, day_of_week, month, month_num, quarter, week_of_year) VALUES (9, '2025-04-11', 'Friday', 'April', 4, 2, 15);
INSERT INTO dim_date (date_id, visit_date, day_of_week, month, month_num, quarter, week_of_year) VALUES (10, '2025-04-12', 'Saturday', 'April', 4, 2, 15);
INSERT INTO dim_date (date_id, visit_date, day_of_week, month, month_num, quarter, week_of_year) VALUES (11, '2025-05-10', 'Saturday', 'May', 5, 2, 19);
INSERT INTO dim_date (date_id, visit_date, day_of_week, month, month_num, quarter, week_of_year) VALUES (12, '2025-06-10', 'Tuesday', 'June', 6, 2, 24);
INSERT INTO dim_date (date_id, visit_date, day_of_week, month, month_num, quarter, week_of_year) VALUES (13, '2025-06-11', 'Wednesday', 'June', 6, 2, 24);
INSERT INTO dim_date (date_id, visit_date, day_of_week, month, month_num, quarter, week_of_year) VALUES (14, '2025-07-09', 'Wednesday', 'July', 7, 3, 28);
INSERT INTO dim_date (date_id, visit_date, day_of_week, month, month_num, quarter, week_of_year) VALUES (15, '2025-07-10', 'Thursday', 'July', 7, 3, 28);
INSERT INTO dim_date (date_id, visit_date, day_of_week, month, month_num, quarter, week_of_year) VALUES (16, '2025-07-11', 'Friday', 'July', 7, 3, 28);
INSERT INTO dim_date (date_id, visit_date, day_of_week, month, month_num, quarter, week_of_year) VALUES (17, '2025-07-12', 'Saturday', 'July', 7, 3, 28);
INSERT INTO dim_date (date_id, visit_date, day_of_week, month, month_num, quarter, week_of_year) VALUES (18, '2025-08-11', 'Monday', 'August', 8, 3, 33);
INSERT INTO dim_date (date_id, visit_date, day_of_week, month, month_num, quarter, week_of_year) VALUES (19, '2025-08-12', 'Tuesday', 'August', 8, 3, 33);
INSERT INTO dim_date (date_id, visit_date, day_of_week, month, month_num, quarter, week_of_year) VALUES (20, '2025-09-01', 'Monday', 'September', 9, 3, 36);
INSERT INTO dim_date (date_id, visit_date, day_of_week, month, month_num, quarter, week_of_year) VALUES (21, '2025-09-02', 'Tuesday', 'September', 9, 3, 36);
INSERT INTO dim_date (date_id, visit_date, day_of_week, month, month_num, quarter, week_of_year) VALUES (22, '2025-09-03', 'Wednesday', 'September', 9, 3, 36);
INSERT INTO dim_date (date_id, visit_date, day_of_week, month, month_num, quarter, week_of_year) VALUES (23, '2025-09-04', 'Thursday', 'September', 9, 3, 36);
INSERT INTO dim_date (date_id, visit_date, day_of_week, month, month_num, quarter, week_of_year) VALUES (24, '2025-09-05', 'Friday', 'September', 9, 3, 36);
INSERT INTO dim_date (date_id, visit_date, day_of_week, month, month_num, quarter, week_of_year) VALUES (25, '2025-09-06', 'Saturday', 'September', 9, 3, 36);
INSERT INTO dim_date (date_id, visit_date, day_of_week, month, month_num, quarter, week_of_year) VALUES (26, '2025-09-07', 'Sunday', 'September', 9, 3, 36);
INSERT INTO dim_date (date_id, visit_date, day_of_week, month, month_num, quarter, week_of_year) VALUES (27, '2025-09-08', 'Monday', 'September', 9, 3, 37);
INSERT INTO dim_date (date_id, visit_date, day_of_week, month, month_num, quarter, week_of_year) VALUES (28, '2025-09-09', 'Tuesday', 'September', 9, 3, 37);
INSERT INTO dim_date (date_id, visit_date, day_of_week, month, month_num, quarter, week_of_year) VALUES (29, '2025-09-10', 'Wednesday', 'September', 9, 3, 37);
INSERT INTO dim_date (date_id, visit_date, day_of_week, month, month_num, quarter, week_of_year) VALUES (30, '2025-09-11', 'Thursday', 'September', 9, 3, 37);
INSERT INTO dim_date (date_id, visit_date, day_of_week, month, month_num, quarter, week_of_year) VALUES (31, '2025-09-12', 'Friday', 'September', 9, 3, 37);
INSERT INTO dim_date (date_id, visit_date, day_of_week, month, month_num, quarter, week_of_year) VALUES (32, '2025-09-13', 'Saturday', 'September', 9, 3, 37);
INSERT INTO dim_date (date_id, visit_date, day_of_week, month, month_num, quarter, week_of_year) VALUES (33, '2025-09-14', 'Sunday', 'September', 9, 3, 37);
INSERT INTO dim_date (date_id, visit_date, day_of_week, month, month_num, quarter, week_of_year) VALUES (34, '2025-09-15', 'Monday', 'September', 9, 3, 38);
INSERT INTO dim_date (date_id, visit_date, day_of_week, month, month_num, quarter, week_of_year) VALUES (35, '2025-09-16', 'Tuesday', 'September', 9, 3, 38);
INSERT INTO dim_date (date_id, visit_date, day_of_week, month, month_num, quarter, week_of_year) VALUES (36, '2025-09-17', 'Wednesday', 'September', 9, 3, 38);
INSERT INTO dim_date (date_id, visit_date, day_of_week, month, month_num, quarter, week_of_year) VALUES (37, '2025-09-18', 'Thursday', 'September', 9, 3, 38);
INSERT INTO dim_date (date_id, visit_date, day_of_week, month, month_num, quarter, week_of_year) VALUES (38, '2025-09-19', 'Friday', 'September', 9, 3, 38);
INSERT INTO dim_date (date_id, visit_date, day_of_week, month, month_num, quarter, week_of_year) VALUES (39, '2025-09-20', 'Saturday', 'September', 9, 3, 38);
INSERT INTO dim_date (date_id, visit_date, day_of_week, month, month_num, quarter, week_of_year) VALUES (40, '2025-09-21', 'Sunday', 'September', 9, 3, 38);
INSERT INTO dim_date (date_id, visit_date, day_of_week, month, month_num, quarter, week_of_year) VALUES (41, '2025-09-22', 'Monday', 'September', 9, 3, 39);
INSERT INTO dim_date (date_id, visit_date, day_of_week, month, month_num, quarter, week_of_year) VALUES (42, '2025-09-23', 'Tuesday', 'September', 9, 3, 39);
INSERT INTO dim_date (date_id, visit_date, day_of_week, month, month_num, quarter, week_of_year) VALUES (43, '2025-09-24', 'Wednesday', 'September', 9, 3, 39);
INSERT INTO dim_date (date_id, visit_date, day_of_week, month, month_num, quarter, week_of_year) VALUES (44, '2025-09-25', 'Thursday', 'September', 9, 3, 39);
INSERT INTO dim_date (date_id, visit_date, day_of_week, month, month_num, quarter, week_of_year) VALUES (45, '2025-09-26', 'Friday', 'September', 9, 3, 39);
INSERT INTO dim_date (date_id, visit_date, day_of_week, month, month_num, quarter, week_of_year) VALUES (46, '2025-09-27', 'Saturday', 'September', 9, 3, 39);
INSERT INTO dim_date (date_id, visit_date, day_of_week, month, month_num, quarter, week_of_year) VALUES (47, '2025-09-28', 'Sunday', 'September', 9, 3, 39);
INSERT INTO dim_date (date_id, visit_date, day_of_week, month, month_num, quarter, week_of_year) VALUES (48, '2025-09-29', 'Monday', 'September', 9, 3, 40);
INSERT INTO dim_date (date_id, visit_date, day_of_week, month, month_num, quarter, week_of_year) VALUES (49, '2025-09-30', 'Tuesday', 'September', 9, 3, 40);
INSERT INTO dim_date (date_id, visit_date, day_of_week, month, month_num, quarter, week_of_year) VALUES (50, '2025-10-01', 'Wednesday', 'October', 10, 4, 40);
INSERT INTO dim_date (date_id, visit_date, day_of_week, month, month_num, quarter, week_of_year) VALUES (51, '2025-10-02', 'Thursday', 'October', 10, 4, 40);
INSERT INTO dim_date (date_id, visit_date, day_of_week, month, month_num, quarter, week_of_year) VALUES (52, '2025-10-03', 'Friday', 'October', 10, 4, 40);
INSERT INTO dim_date (date_id, visit_date, day_of_week, month, month_num, quarter, week_of_year) VALUES (53, '2025-10-04', 'Saturday', 'October', 10, 4, 40);
INSERT INTO dim_date (date_id, visit_date, day_of_week, month, month_num, quarter, week_of_year) VALUES (54, '2025-10-05', 'Sunday', 'October', 10, 4, 40);
INSERT INTO dim_date (date_id, visit_date, day_of_week, month, month_num, quarter, week_of_year) VALUES (55, '2025-10-06', 'Monday', 'October', 10, 4, 41);
INSERT INTO dim_date (date_id, visit_date, day_of_week, month, month_num, quarter, week_of_year) VALUES (56, '2025-10-07', 'Tuesday', 'October', 10, 4, 41);
INSERT INTO dim_date (date_id, visit_date, day_of_week, month, month_num, quarter, week_of_year) VALUES (57, '2025-10-08', 'Wednesday', 'October', 10, 4, 41);
INSERT INTO dim_date (date_id, visit_date, day_of_week, month, month_num, quarter, week_of_year) VALUES (58, '2025-10-09', 'Thursday', 'October', 10, 4, 41);
INSERT INTO dim_date (date_id, visit_date, day_of_week, month, month_num, quarter, week_of_year) VALUES (59, '2025-10-10', 'Friday', 'October', 10, 4, 41);
INSERT INTO dim_date (date_id, visit_date, day_of_week, month, month_num, quarter, week_of_year) VALUES (60, '2025-10-11', 'Saturday', 'October', 10, 4, 41);
INSERT INTO dim_date (date_id, visit_date, day_of_week, month, month_num, quarter, week_of_year) VALUES (61, '2025-10-12', 'Sunday', 'October', 10, 4, 41);
INSERT INTO dim_date (date_id, visit_date, day_of_week, month, month_num, quarter, week_of_year) VALUES (62, '2025-10-13', 'Monday', 'October', 10, 4, 42);
INSERT INTO dim_date (date_id, visit_date, day_of_week, month, month_num, quarter, week_of_year) VALUES (63, '2025-10-14', 'Tuesday', 'October', 10, 4, 42);
INSERT INTO dim_date (date_id, visit_date, day_of_week, month, month_num, quarter, week_of_year) VALUES (64, '2025-10-15', 'Wednesday', 'October', 10, 4, 42);
INSERT INTO dim_date (date_id, visit_date, day_of_week, month, month_num, quarter, week_of_year) VALUES (65, '2025-10-16', 'Thursday', 'October', 10, 4, 42);
INSERT INTO dim_date (date_id, visit_date, day_of_week, month, month_num, quarter, week_of_year) VALUES (66, '2025-10-17', 'Friday', 'October', 10, 4, 42);
INSERT INTO dim_date (date_id, visit_date, day_of_week, month, month_num, quarter, week_of_year) VALUES (67, '2025-10-18', 'Saturday', 'October', 10, 4, 42);
INSERT INTO dim_date (date_id, visit_date, day_of_week, month, month_num, quarter, week_of_year) VALUES (68, '2025-10-19', 'Sunday', 'October', 10, 4, 42);
INSERT INTO dim_date (date_id, visit_date, day_of_week, month, month_num, quarter, week_of_year) VALUES (69, '2025-10-20', 'Monday', 'October', 10, 4, 43);
INSERT INTO dim_date (date_id, visit_date, day_of_week, month, month_num, quarter, week_of_year) VALUES (70, '2025-10-21', 'Tuesday', 'October', 10, 4, 43);
INSERT INTO dim_date (date_id, visit_date, day_of_week, month, month_num, quarter, week_of_year) VALUES (71, '2025-10-22', 'Wednesday', 'October', 10, 4, 43);
INSERT INTO dim_date (date_id, visit_date, day_of_week, month, month_num, quarter, week_of_year) VALUES (72, '2025-10-23', 'Thursday', 'October', 10, 4, 43);
INSERT INTO dim_date (date_id, visit_date, day_of_week, month, month_num, quarter, week_of_year) VALUES (73, '2025-10-24', 'Friday', 'October', 10, 4, 43);
INSERT INTO dim_date (date_id, visit_date, day_of_week, month, month_num, quarter, week_of_year) VALUES (74, '2025-10-25', 'Saturday', 'October', 10, 4, 43);
INSERT INTO dim_date (date_id, visit_date, day_of_week, month, month_num, quarter, week_of_year) VALUES (75, '2025-10-26', 'Sunday', 'October', 10, 4, 43);
INSERT INTO dim_date (date_id, visit_date, day_of_week, month, month_num, quarter, week_of_year) VALUES (76, '2025-10-27', 'Monday', 'October', 10, 4, 44);
INSERT INTO dim_date (date_id, visit_date, day_of_week, month, month_num, quarter, week_of_year) VALUES (77, '2025-10-28', 'Tuesday', 'October', 10, 4, 44);
INSERT INTO dim_date (date_id, visit_date, day_of_week, month, month_num, quarter, week_of_year) VALUES (78, '2025-10-29', 'Wednesday', 'October', 10, 4, 44);
INSERT INTO dim_date (date_id, visit_date, day_of_week, month, month_num, quarter, week_of_year) VALUES (79, '2025-10-30', 'Thursday', 'October', 10, 4, 44);
INSERT INTO dim_date (date_id, visit_date, day_of_week, month, month_num, quarter, week_of_year) VALUES (80, '2025-10-31', 'Friday', 'October', 10, 4, 44);
INSERT INTO dim_date (date_id, visit_date, day_of_week, month, month_num, quarter, week_of_year) VALUES (81, '2025-11-01', 'Saturday', 'November', 11, 4, 44);
INSERT INTO dim_date (date_id, visit_date, day_of_week, month, month_num, quarter, week_of_year) VALUES (82, '2025-11-02', 'Sunday', 'November', 11, 4, 44);
INSERT INTO dim_date (date_id, visit_date, day_of_week, month, month_num, quarter, week_of_year) VALUES (83, '2025-11-03', 'Monday', 'November', 11, 4, 45);
INSERT INTO dim_date (date_id, visit_date, day_of_week, month, month_num, quarter, week_of_year) VALUES (84, '2025-11-04', 'Tuesday', 'November', 11, 4, 45);
INSERT INTO dim_date (date_id, visit_date, day_of_week, month, month_num, quarter, week_of_year) VALUES (85, '2025-11-05', 'Wednesday', 'November', 11, 4, 45);
INSERT INTO dim_date (date_id, visit_date, day_of_week, month, month_num, quarter, week_of_year) VALUES (86, '2025-11-06', 'Thursday', 'November', 11, 4, 45);
INSERT INTO dim_date (date_id, visit_date, day_of_week, month, month_num, quarter, week_of_year) VALUES (87, '2025-11-07', 'Friday', 'November', 11, 4, 45);
INSERT INTO dim_date (date_id, visit_date, day_of_week, month, month_num, quarter, week_of_year) VALUES (88, '2025-11-08', 'Saturday', 'November', 11, 4, 45);
INSERT INTO dim_date (date_id, visit_date, day_of_week, month, month_num, quarter, week_of_year) VALUES (89, '2025-11-09', 'Sunday', 'November', 11, 4, 45);
INSERT INTO dim_date (date_id, visit_date, day_of_week, month, month_num, quarter, week_of_year) VALUES (90, '2025-11-10', 'Monday', 'November', 11, 4, 46);
INSERT INTO dim_date (date_id, visit_date, day_of_week, month, month_num, quarter, week_of_year) VALUES (91, '2025-11-11', 'Tuesday', 'November', 11, 4, 46);
INSERT INTO dim_date (date_id, visit_date, day_of_week, month, month_num, quarter, week_of_year) VALUES (92, '2025-11-12', 'Wednesday', 'November', 11, 4, 46);
INSERT INTO dim_date (date_id, visit_date, day_of_week, month, month_num, quarter, week_of_year) VALUES (93, '2025-11-13', 'Thursday', 'November', 11, 4, 46);
INSERT INTO dim_date (date_id, visit_date, day_of_week, month, month_num, quarter, week_of_year) VALUES (94, '2025-11-14', 'Friday', 'November', 11, 4, 46);
INSERT INTO dim_date (date_id, visit_date, day_of_week, month, month_num, quarter, week_of_year) VALUES (95, '2025-11-15', 'Saturday', 'November', 11, 4, 46);
INSERT INTO dim_date (date_id, visit_date, day_of_week, month, month_num, quarter, week_of_year) VALUES (96, '2025-11-16', 'Sunday', 'November', 11, 4, 46);
INSERT INTO dim_date (date_id, visit_date, day_of_week, month, month_num, quarter, week_of_year) VALUES (97, '2025-11-17', 'Monday', 'November', 11, 4, 47);
INSERT INTO dim_date (date_id, visit_date, day_of_week, month, month_num, quarter, week_of_year) VALUES (98, '2025-11-18', 'Tuesday', 'November', 11, 4, 47);
INSERT INTO dim_date (date_id, visit_date, day_of_week, month, month_num, quarter, week_of_year) VALUES (99, '2025-11-19', 'Wednesday', 'November', 11, 4, 47);
INSERT INTO dim_date (date_id, visit_date, day_of_week, month, month_num, quarter, week_of_year) VALUES (100, '2025-11-20', 'Thursday', 'November', 11, 4, 47);
INSERT INTO dim_date (date_id, visit_date, day_of_week, month, month_num, quarter, week_of_year) VALUES (101, '2025-11-21', 'Friday', 'November', 11, 4, 47);
INSERT INTO dim_date (date_id, visit_date, day_of_week, month, month_num, quarter, week_of_year) VALUES (102, '2025-11-22', 'Saturday', 'November', 11, 4, 47);
INSERT INTO dim_date (date_id, visit_date, day_of_week, month, month_num, quarter, week_of_year) VALUES (103, '2025-11-23', 'Sunday', 'November', 11, 4, 47);
INSERT INTO dim_date (date_id, visit_date, day_of_week, month, month_num, quarter, week_of_year) VALUES (104, '2025-11-24', 'Monday', 'November', 11, 4, 48);
INSERT INTO dim_date (date_id, visit_date, day_of_week, month, month_num, quarter, week_of_year) VALUES (105, '2025-11-25', 'Tuesday', 'November', 11, 4, 48);
INSERT INTO dim_date (date_id, visit_date, day_of_week, month, month_num, quarter, week_of_year) VALUES (106, '2025-11-26', 'Wednesday', 'November', 11, 4, 48);
INSERT INTO dim_date (date_id, visit_date, day_of_week, month, month_num, quarter, week_of_year) VALUES (107, '2025-11-27', 'Thursday', 'November', 11, 4, 48);
INSERT INTO dim_date (date_id, visit_date, day_of_week, month, month_num, quarter, week_of_year) VALUES (108, '2025-11-28', 'Friday', 'November', 11, 4, 48);
INSERT INTO dim_date (date_id, visit_date, day_of_week, month, month_num, quarter, week_of_year) VALUES (109, '2025-11-29', 'Saturday', 'November', 11, 4, 48);
INSERT INTO dim_date (date_id, visit_date, day_of_week, month, month_num, quarter, week_of_year) VALUES (110, '2025-11-30', 'Sunday', 'November', 11, 4, 48);
INSERT INTO dim_date (date_id, visit_date, day_of_week, month, month_num, quarter, week_of_year) VALUES (111, '2025-12-01', 'Monday', 'December', 12, 4, 49);
INSERT INTO dim_date (date_id, visit_date, day_of_week, month, month_num, quarter, week_of_year) VALUES (112, '2025-12-02', 'Tuesday', 'December', 12, 4, 49);
INSERT INTO dim_date (date_id, visit_date, day_of_week, month, month_num, quarter, week_of_year) VALUES (113, '2025-12-03', 'Wednesday', 'December', 12, 4, 49);
INSERT INTO dim_date (date_id, visit_date, day_of_week, month, month_num, quarter, week_of_year) VALUES (114, '2025-12-04', 'Thursday', 'December', 12, 4, 49);
INSERT INTO dim_date (date_id, visit_date, day_of_week, month, month_num, quarter, week_of_year) VALUES (115, '2025-12-05', 'Friday', 'December', 12, 4, 49);
INSERT INTO dim_date (date_id, visit_date, day_of_week, month, month_num, quarter, week_of_year) VALUES (116, '2025-12-07', 'Sunday', 'December', 12, 4, 49);
INSERT INTO dim_date (date_id, visit_date, day_of_week, month, month_num, quarter, week_of_year) VALUES (117, '2025-12-08', 'Monday', 'December', 12, 4, 50);
INSERT INTO dim_date (date_id, visit_date, day_of_week, month, month_num, quarter, week_of_year) VALUES (118, '2025-12-10', 'Wednesday', 'December', 12, 4, 50);
INSERT INTO dim_date (date_id, visit_date, day_of_week, month, month_num, quarter, week_of_year) VALUES (119, '2025-12-11', 'Thursday', 'December', 12, 4, 50);
INSERT INTO dim_date (date_id, visit_date, day_of_week, month, month_num, quarter, week_of_year) VALUES (120, '2025-12-12', 'Friday', 'December', 12, 4, 50);
INSERT INTO dim_date (date_id, visit_date, day_of_week, month, month_num, quarter, week_of_year) VALUES (121, '2025-12-13', 'Saturday', 'December', 12, 4, 50);
INSERT INTO dim_date (date_id, visit_date, day_of_week, month, month_num, quarter, week_of_year) VALUES (122, '2025-12-14', 'Sunday', 'December', 12, 4, 50);
INSERT INTO dim_date (date_id, visit_date, day_of_week, month, month_num, quarter, week_of_year) VALUES (123, '2025-12-15', 'Monday', 'December', 12, 4, 51);
INSERT INTO dim_date (date_id, visit_date, day_of_week, month, month_num, quarter, week_of_year) VALUES (124, '2025-12-16', 'Tuesday', 'December', 12, 4, 51);
INSERT INTO dim_date (date_id, visit_date, day_of_week, month, month_num, quarter, week_of_year) VALUES (125, '2025-12-17', 'Wednesday', 'December', 12, 4, 51);
INSERT INTO dim_date (date_id, visit_date, day_of_week, month, month_num, quarter, week_of_year) VALUES (126, '2025-12-18', 'Thursday', 'December', 12, 4, 51);
INSERT INTO dim_date (date_id, visit_date, day_of_week, month, month_num, quarter, week_of_year) VALUES (127, '2025-12-19', 'Friday', 'December', 12, 4, 51);
INSERT INTO dim_date (date_id, visit_date, day_of_week, month, month_num, quarter, week_of_year) VALUES (128, '2025-12-20', 'Saturday', 'December', 12, 4, 51);
INSERT INTO dim_date (date_id, visit_date, day_of_week, month, month_num, quarter, week_of_year) VALUES (129, '2025-12-21', 'Sunday', 'December', 12, 4, 51);
INSERT INTO dim_date (date_id, visit_date, day_of_week, month, month_num, quarter, week_of_year) VALUES (130, '2025-12-22', 'Monday', 'December', 12, 4, 52);
INSERT INTO dim_date (date_id, visit_date, day_of_week, month, month_num, quarter, week_of_year) VALUES (131, '2025-12-23', 'Tuesday', 'December', 12, 4, 52);
INSERT INTO dim_date (date_id, visit_date, day_of_week, month, month_num, quarter, week_of_year) VALUES (132, '2025-12-24', 'Wednesday', 'December', 12, 4, 52);
INSERT INTO dim_date (date_id, visit_date, day_of_week, month, month_num, quarter, week_of_year) VALUES (133, '2025-12-25', 'Thursday', 'December', 12, 4, 52);
INSERT INTO dim_date (date_id, visit_date, day_of_week, month, month_num, quarter, week_of_year) VALUES (134, '2025-12-26', 'Friday', 'December', 12, 4, 52);
INSERT INTO dim_date (date_id, visit_date, day_of_week, month, month_num, quarter, week_of_year) VALUES (135, '2025-12-27', 'Saturday', 'December', 12, 4, 52);
INSERT INTO dim_date (date_id, visit_date, day_of_week, month, month_num, quarter, week_of_year) VALUES (136, '2025-12-28', 'Sunday', 'December', 12, 4, 52);
INSERT INTO dim_date (date_id, visit_date, day_of_week, month, month_num, quarter, week_of_year) VALUES (137, '2025-12-29', 'Monday', 'December', 12, 4, 1);
INSERT INTO dim_date (date_id, visit_date, day_of_week, month, month_num, quarter, week_of_year) VALUES (138, '2025-12-30', 'Tuesday', 'December', 12, 4, 1);
INSERT INTO dim_date (date_id, visit_date, day_of_week, month, month_num, quarter, week_of_year) VALUES (139, '2025-12-31', 'Wednesday', 'December', 12, 4, 1);
INSERT INTO dim_date (date_id, visit_date, day_of_week, month, month_num, quarter, week_of_year) VALUES (140, '2026-01-01', 'Thursday', 'January', 1, 1, 1);
INSERT INTO dim_date (date_id, visit_date, day_of_week, month, month_num, quarter, week_of_year) VALUES (141, '2026-01-02', 'Friday', 'January', 1, 1, 1);
INSERT INTO dim_date (date_id, visit_date, day_of_week, month, month_num, quarter, week_of_year) VALUES (142, '2026-01-03', 'Saturday', 'January', 1, 1, 1);
INSERT INTO dim_date (date_id, visit_date, day_of_week, month, month_num, quarter, week_of_year) VALUES (143, '2026-01-04', 'Sunday', 'January', 1, 1, 1);
INSERT INTO dim_date (date_id, visit_date, day_of_week, month, month_num, quarter, week_of_year) VALUES (144, '2026-01-05', 'Monday', 'January', 1, 1, 2);
INSERT INTO dim_date (date_id, visit_date, day_of_week, month, month_num, quarter, week_of_year) VALUES (145, '2026-01-06', 'Tuesday', 'January', 1, 1, 2);
INSERT INTO dim_date (date_id, visit_date, day_of_week, month, month_num, quarter, week_of_year) VALUES (146, '2026-01-07', 'Wednesday', 'January', 1, 1, 2);
INSERT INTO dim_date (date_id, visit_date, day_of_week, month, month_num, quarter, week_of_year) VALUES (147, '2026-01-09', 'Friday', 'January', 1, 1, 2);
INSERT INTO dim_date (date_id, visit_date, day_of_week, month, month_num, quarter, week_of_year) VALUES (148, '2026-01-10', 'Saturday', 'January', 1, 1, 2);
INSERT INTO dim_date (date_id, visit_date, day_of_week, month, month_num, quarter, week_of_year) VALUES (149, '2026-01-11', 'Sunday', 'January', 1, 1, 2);
INSERT INTO dim_date (date_id, visit_date, day_of_week, month, month_num, quarter, week_of_year) VALUES (150, '2026-01-12', 'Monday', 'January', 1, 1, 3);
INSERT INTO dim_date (date_id, visit_date, day_of_week, month, month_num, quarter, week_of_year) VALUES (151, '2026-01-13', 'Tuesday', 'January', 1, 1, 3);
INSERT INTO dim_date (date_id, visit_date, day_of_week, month, month_num, quarter, week_of_year) VALUES (152, '2026-01-14', 'Wednesday', 'January', 1, 1, 3);
INSERT INTO dim_date (date_id, visit_date, day_of_week, month, month_num, quarter, week_of_year) VALUES (153, '2026-01-15', 'Thursday', 'January', 1, 1, 3);
INSERT INTO dim_date (date_id, visit_date, day_of_week, month, month_num, quarter, week_of_year) VALUES (154, '2026-01-16', 'Friday', 'January', 1, 1, 3);
INSERT INTO dim_date (date_id, visit_date, day_of_week, month, month_num, quarter, week_of_year) VALUES (155, '2026-01-17', 'Saturday', 'January', 1, 1, 3);
INSERT INTO dim_date (date_id, visit_date, day_of_week, month, month_num, quarter, week_of_year) VALUES (156, '2026-01-18', 'Sunday', 'January', 1, 1, 3);
INSERT INTO dim_date (date_id, visit_date, day_of_week, month, month_num, quarter, week_of_year) VALUES (157, '2026-01-19', 'Monday', 'January', 1, 1, 4);
INSERT INTO dim_date (date_id, visit_date, day_of_week, month, month_num, quarter, week_of_year) VALUES (158, '2026-01-20', 'Tuesday', 'January', 1, 1, 4);
INSERT INTO dim_date (date_id, visit_date, day_of_week, month, month_num, quarter, week_of_year) VALUES (159, '2026-01-22', 'Thursday', 'January', 1, 1, 4);
INSERT INTO dim_date (date_id, visit_date, day_of_week, month, month_num, quarter, week_of_year) VALUES (160, '2026-01-23', 'Friday', 'January', 1, 1, 4);
INSERT INTO dim_date (date_id, visit_date, day_of_week, month, month_num, quarter, week_of_year) VALUES (161, '2026-01-24', 'Saturday', 'January', 1, 1, 4);
INSERT INTO dim_date (date_id, visit_date, day_of_week, month, month_num, quarter, week_of_year) VALUES (162, '2026-01-25', 'Sunday', 'January', 1, 1, 4);
INSERT INTO dim_date (date_id, visit_date, day_of_week, month, month_num, quarter, week_of_year) VALUES (163, '2026-01-26', 'Monday', 'January', 1, 1, 5);
INSERT INTO dim_date (date_id, visit_date, day_of_week, month, month_num, quarter, week_of_year) VALUES (164, '2026-01-27', 'Tuesday', 'January', 1, 1, 5);
INSERT INTO dim_date (date_id, visit_date, day_of_week, month, month_num, quarter, week_of_year) VALUES (165, '2026-01-28', 'Wednesday', 'January', 1, 1, 5);
INSERT INTO dim_date (date_id, visit_date, day_of_week, month, month_num, quarter, week_of_year) VALUES (166, '2026-01-29', 'Thursday', 'January', 1, 1, 5);
INSERT INTO dim_date (date_id, visit_date, day_of_week, month, month_num, quarter, week_of_year) VALUES (167, '2026-01-30', 'Friday', 'January', 1, 1, 5);
INSERT INTO dim_date (date_id, visit_date, day_of_week, month, month_num, quarter, week_of_year) VALUES (168, '2026-02-01', 'Sunday', 'February', 2, 1, 5);
INSERT INTO dim_date (date_id, visit_date, day_of_week, month, month_num, quarter, week_of_year) VALUES (169, '2026-03-01', 'Sunday', 'March', 3, 1, 9);
INSERT INTO dim_date (date_id, visit_date, day_of_week, month, month_num, quarter, week_of_year) VALUES (170, '2026-05-01', 'Friday', 'May', 5, 2, 18);
INSERT INTO dim_date (date_id, visit_date, day_of_week, month, month_num, quarter, week_of_year) VALUES (171, '2026-06-01', 'Monday', 'June', 6, 2, 23);
INSERT INTO dim_date (date_id, visit_date, day_of_week, month, month_num, quarter, week_of_year) VALUES (172, '2026-08-01', 'Saturday', 'August', 8, 3, 31);
INSERT INTO dim_date (date_id, visit_date, day_of_week, month, month_num, quarter, week_of_year) VALUES (173, '2026-09-01', 'Tuesday', 'September', 9, 3, 36);
INSERT INTO dim_date (date_id, visit_date, day_of_week, month, month_num, quarter, week_of_year) VALUES (174, '2026-10-01', 'Thursday', 'October', 10, 4, 40);
INSERT INTO dim_date (date_id, visit_date, day_of_week, month, month_num, quarter, week_of_year) VALUES (175, '2026-12-01', 'Tuesday', 'December', 12, 4, 49);

-- INSERT fact_visits
INSERT INTO fact_visits (visit_id, user_id, website_id, date_id, hour_of_day, time_of_day, visit_datetime) VALUES (1, 3, 1, 68, 20, 'Evening', '2025-10-19 20:28:00');
INSERT INTO fact_visits (visit_id, user_id, website_id, date_id, hour_of_day, time_of_day, visit_datetime) VALUES (2, 3, 1, 63, 19, 'Evening', '2025-10-14 19:42:21');
INSERT INTO fact_visits (visit_id, user_id, website_id, date_id, hour_of_day, time_of_day, visit_datetime) VALUES (3, 3, 2, 138, 5, 'Morning', '2025-12-30 05:03:00');
INSERT INTO fact_visits (visit_id, user_id, website_id, date_id, hour_of_day, time_of_day, visit_datetime) VALUES (4, 5, 3, 119, 13, 'Afternoon', '2025-12-11 13:22:53');
INSERT INTO fact_visits (visit_id, user_id, website_id, date_id, hour_of_day, time_of_day, visit_datetime) VALUES (5, 4, 4, 125, 22, 'Night', '2025-12-17 22:10:26');
INSERT INTO fact_visits (visit_id, user_id, website_id, date_id, hour_of_day, time_of_day, visit_datetime) VALUES (6, 2, 4, 127, 3, 'Night', '2025-12-19 03:45:00');
INSERT INTO fact_visits (visit_id, user_id, website_id, date_id, hour_of_day, time_of_day, visit_datetime) VALUES (7, 1, 5, 77, 1, 'Night', '2025-10-28 01:03:00');
INSERT INTO fact_visits (visit_id, user_id, website_id, date_id, hour_of_day, time_of_day, visit_datetime) VALUES (8, 3, 6, 145, 3, 'Night', '2026-01-06 03:11:00');
INSERT INTO fact_visits (visit_id, user_id, website_id, date_id, hour_of_day, time_of_day, visit_datetime) VALUES (9, 1, 7, 161, 4, 'Night', '2026-01-24 04:41:00');
INSERT INTO fact_visits (visit_id, user_id, website_id, date_id, hour_of_day, time_of_day, visit_datetime) VALUES (10, 4, 8, 78, 8, 'Morning', '2025-10-29 08:07:00');
INSERT INTO fact_visits (visit_id, user_id, website_id, date_id, hour_of_day, time_of_day, visit_datetime) VALUES (11, 5, 4, 134, 6, 'Morning', '2025-12-26 06:03:02');
INSERT INTO fact_visits (visit_id, user_id, website_id, date_id, hour_of_day, time_of_day, visit_datetime) VALUES (12, 2, 8, 155, 21, 'Night', '2026-01-17 21:14:35');
INSERT INTO fact_visits (visit_id, user_id, website_id, date_id, hour_of_day, time_of_day, visit_datetime) VALUES (13, 4, 2, 27, 16, 'Afternoon', '2025-09-08 16:18:00');
INSERT INTO fact_visits (visit_id, user_id, website_id, date_id, hour_of_day, time_of_day, visit_datetime) VALUES (14, 1, 6, 126, 8, 'Morning', '2025-12-18 08:48:00');
INSERT INTO fact_visits (visit_id, user_id, website_id, date_id, hour_of_day, time_of_day, visit_datetime) VALUES (15, 2, 9, 45, 9, 'Morning', '2025-09-26 09:24:00');
INSERT INTO fact_visits (visit_id, user_id, website_id, date_id, hour_of_day, time_of_day, visit_datetime) VALUES (16, 5, 10, 127, 4, 'Night', '2025-12-19 04:54:00');
INSERT INTO fact_visits (visit_id, user_id, website_id, date_id, hour_of_day, time_of_day, visit_datetime) VALUES (17, 2, 11, 141, 12, 'Afternoon', '2026-01-02 12:50:00');
INSERT INTO fact_visits (visit_id, user_id, website_id, date_id, hour_of_day, time_of_day, visit_datetime) VALUES (18, 5, 9, 100, 18, 'Evening', '2025-11-20 18:39:00');
INSERT INTO fact_visits (visit_id, user_id, website_id, date_id, hour_of_day, time_of_day, visit_datetime) VALUES (19, 5, 8, 104, 13, 'Afternoon', '2025-11-24 13:31:00');
INSERT INTO fact_visits (visit_id, user_id, website_id, date_id, hour_of_day, time_of_day, visit_datetime) VALUES (20, 4, 5, 71, 0, 'Night', '2025-10-22 00:27:00');
INSERT INTO fact_visits (visit_id, user_id, website_id, date_id, hour_of_day, time_of_day, visit_datetime) VALUES (21, 3, 5, 89, 13, 'Afternoon', '2025-11-09 13:44:00');
INSERT INTO fact_visits (visit_id, user_id, website_id, date_id, hour_of_day, time_of_day, visit_datetime) VALUES (22, 3, 3, 63, 12, 'Afternoon', '2025-10-14 12:57:03');
INSERT INTO fact_visits (visit_id, user_id, website_id, date_id, hour_of_day, time_of_day, visit_datetime) VALUES (23, 3, 5, 109, 13, 'Afternoon', '2025-11-29 13:39:00');
INSERT INTO fact_visits (visit_id, user_id, website_id, date_id, hour_of_day, time_of_day, visit_datetime) VALUES (24, 4, 7, 2, 21, 'Night', '2025-01-10 21:43:00');
INSERT INTO fact_visits (visit_id, user_id, website_id, date_id, hour_of_day, time_of_day, visit_datetime) VALUES (25, 3, 11, 46, 12, 'Afternoon', '2025-09-27 12:42:00');
INSERT INTO fact_visits (visit_id, user_id, website_id, date_id, hour_of_day, time_of_day, visit_datetime) VALUES (26, 2, 12, 140, 7, 'Morning', '2026-01-01 07:22:00');
INSERT INTO fact_visits (visit_id, user_id, website_id, date_id, hour_of_day, time_of_day, visit_datetime) VALUES (27, 1, 13, 156, 0, 'Night', '2026-01-18 00:00:00');
INSERT INTO fact_visits (visit_id, user_id, website_id, date_id, hour_of_day, time_of_day, visit_datetime) VALUES (28, 4, 3, 123, 6, 'Morning', '2025-12-15 06:06:00');
INSERT INTO fact_visits (visit_id, user_id, website_id, date_id, hour_of_day, time_of_day, visit_datetime) VALUES (29, 4, 5, 119, 23, 'Night', '2025-12-11 23:45:00');
INSERT INTO fact_visits (visit_id, user_id, website_id, date_id, hour_of_day, time_of_day, visit_datetime) VALUES (30, 4, 14, 39, 9, 'Morning', '2025-09-20 09:56:47');
INSERT INTO fact_visits (visit_id, user_id, website_id, date_id, hour_of_day, time_of_day, visit_datetime) VALUES (31, 4, 1, 42, 21, 'Night', '2025-09-23 21:07:00');
INSERT INTO fact_visits (visit_id, user_id, website_id, date_id, hour_of_day, time_of_day, visit_datetime) VALUES (32, 4, 12, 139, 16, 'Afternoon', '2025-12-31 16:51:00');
INSERT INTO fact_visits (visit_id, user_id, website_id, date_id, hour_of_day, time_of_day, visit_datetime) VALUES (33, 4, 5, 117, 0, 'Night', '2025-12-08 00:00:00');
INSERT INTO fact_visits (visit_id, user_id, website_id, date_id, hour_of_day, time_of_day, visit_datetime) VALUES (34, 1, 11, 50, 13, 'Afternoon', '2025-10-01 13:20:00');
INSERT INTO fact_visits (visit_id, user_id, website_id, date_id, hour_of_day, time_of_day, visit_datetime) VALUES (35, 4, 15, 4, 6, 'Morning', '2025-02-11 06:32:34');
INSERT INTO fact_visits (visit_id, user_id, website_id, date_id, hour_of_day, time_of_day, visit_datetime) VALUES (36, 2, 11, 96, 7, 'Morning', '2025-11-16 07:18:00');
INSERT INTO fact_visits (visit_id, user_id, website_id, date_id, hour_of_day, time_of_day, visit_datetime) VALUES (37, 2, 16, 145, 19, 'Evening', '2026-01-06 19:34:00');
INSERT INTO fact_visits (visit_id, user_id, website_id, date_id, hour_of_day, time_of_day, visit_datetime) VALUES (38, 4, 7, 81, 7, 'Morning', '2025-11-01 07:02:00');
INSERT INTO fact_visits (visit_id, user_id, website_id, date_id, hour_of_day, time_of_day, visit_datetime) VALUES (39, 4, 17, 112, 5, 'Morning', '2025-12-02 05:09:00');
INSERT INTO fact_visits (visit_id, user_id, website_id, date_id, hour_of_day, time_of_day, visit_datetime) VALUES (40, 4, 8, 84, 17, 'Evening', '2025-11-04 17:34:00');
INSERT INTO fact_visits (visit_id, user_id, website_id, date_id, hour_of_day, time_of_day, visit_datetime) VALUES (41, 4, 7, 109, 15, 'Afternoon', '2025-11-29 15:35:00');
INSERT INTO fact_visits (visit_id, user_id, website_id, date_id, hour_of_day, time_of_day, visit_datetime) VALUES (42, 4, 15, 169, 4, 'Night', '2026-03-01 04:58:12');
INSERT INTO fact_visits (visit_id, user_id, website_id, date_id, hour_of_day, time_of_day, visit_datetime) VALUES (43, 1, 16, 44, 6, 'Morning', '2025-09-25 06:43:00');
INSERT INTO fact_visits (visit_id, user_id, website_id, date_id, hour_of_day, time_of_day, visit_datetime) VALUES (44, 1, 18, 62, 0, 'Night', '2025-10-13 00:25:00');
INSERT INTO fact_visits (visit_id, user_id, website_id, date_id, hour_of_day, time_of_day, visit_datetime) VALUES (45, 3, 19, 74, 4, 'Night', '2025-10-25 04:45:26');
INSERT INTO fact_visits (visit_id, user_id, website_id, date_id, hour_of_day, time_of_day, visit_datetime) VALUES (46, 4, 19, 62, 19, 'Evening', '2025-10-13 19:19:39');
INSERT INTO fact_visits (visit_id, user_id, website_id, date_id, hour_of_day, time_of_day, visit_datetime) VALUES (47, 1, 18, 57, 10, 'Morning', '2025-10-08 10:10:00');
INSERT INTO fact_visits (visit_id, user_id, website_id, date_id, hour_of_day, time_of_day, visit_datetime) VALUES (48, 2, 7, 89, 21, 'Night', '2025-11-09 21:20:13');
INSERT INTO fact_visits (visit_id, user_id, website_id, date_id, hour_of_day, time_of_day, visit_datetime) VALUES (49, 5, 1, 169, 2, 'Night', '2026-03-01 02:27:00');
INSERT INTO fact_visits (visit_id, user_id, website_id, date_id, hour_of_day, time_of_day, visit_datetime) VALUES (50, 4, 11, 100, 18, 'Evening', '2025-11-20 18:22:48');
INSERT INTO fact_visits (visit_id, user_id, website_id, date_id, hour_of_day, time_of_day, visit_datetime) VALUES (51, 1, 13, 121, 0, 'Night', '2025-12-13 00:20:00');
INSERT INTO fact_visits (visit_id, user_id, website_id, date_id, hour_of_day, time_of_day, visit_datetime) VALUES (52, 5, 20, 82, 8, 'Morning', '2025-11-02 08:14:00');
INSERT INTO fact_visits (visit_id, user_id, website_id, date_id, hour_of_day, time_of_day, visit_datetime) VALUES (53, 4, 17, 155, 4, 'Night', '2026-01-17 04:19:24');
INSERT INTO fact_visits (visit_id, user_id, website_id, date_id, hour_of_day, time_of_day, visit_datetime) VALUES (54, 4, 17, 167, 6, 'Morning', '2026-01-30 06:15:00');
INSERT INTO fact_visits (visit_id, user_id, website_id, date_id, hour_of_day, time_of_day, visit_datetime) VALUES (55, 5, 8, 173, 10, 'Morning', '2026-09-01 10:18:00');
INSERT INTO fact_visits (visit_id, user_id, website_id, date_id, hour_of_day, time_of_day, visit_datetime) VALUES (56, 3, 12, 108, 9, 'Morning', '2025-11-28 09:22:00');
INSERT INTO fact_visits (visit_id, user_id, website_id, date_id, hour_of_day, time_of_day, visit_datetime) VALUES (57, 2, 8, 28, 14, 'Afternoon', '2025-09-09 14:37:00');
INSERT INTO fact_visits (visit_id, user_id, website_id, date_id, hour_of_day, time_of_day, visit_datetime) VALUES (58, 5, 6, 69, 9, 'Morning', '2025-10-20 09:04:26');
INSERT INTO fact_visits (visit_id, user_id, website_id, date_id, hour_of_day, time_of_day, visit_datetime) VALUES (59, 2, 19, 135, 17, 'Evening', '2025-12-27 17:08:00');
INSERT INTO fact_visits (visit_id, user_id, website_id, date_id, hour_of_day, time_of_day, visit_datetime) VALUES (60, 3, 15, 118, 1, 'Night', '2025-12-10 01:16:00');
INSERT INTO fact_visits (visit_id, user_id, website_id, date_id, hour_of_day, time_of_day, visit_datetime) VALUES (61, 3, 5, 76, 17, 'Evening', '2025-10-27 17:27:00');
INSERT INTO fact_visits (visit_id, user_id, website_id, date_id, hour_of_day, time_of_day, visit_datetime) VALUES (62, 1, 10, 49, 20, 'Evening', '2025-09-30 20:18:00');
INSERT INTO fact_visits (visit_id, user_id, website_id, date_id, hour_of_day, time_of_day, visit_datetime) VALUES (63, 1, 12, 27, 4, 'Night', '2025-09-08 04:31:26');
INSERT INTO fact_visits (visit_id, user_id, website_id, date_id, hour_of_day, time_of_day, visit_datetime) VALUES (64, 5, 18, 150, 17, 'Evening', '2026-01-12 17:04:14');
INSERT INTO fact_visits (visit_id, user_id, website_id, date_id, hour_of_day, time_of_day, visit_datetime) VALUES (65, 5, 16, 119, 12, 'Afternoon', '2025-12-11 12:05:53');
INSERT INTO fact_visits (visit_id, user_id, website_id, date_id, hour_of_day, time_of_day, visit_datetime) VALUES (66, 2, 3, 77, 0, 'Night', '2025-10-28 00:09:00');
INSERT INTO fact_visits (visit_id, user_id, website_id, date_id, hour_of_day, time_of_day, visit_datetime) VALUES (67, 3, 11, 40, 3, 'Night', '2025-09-21 03:20:00');
INSERT INTO fact_visits (visit_id, user_id, website_id, date_id, hour_of_day, time_of_day, visit_datetime) VALUES (68, 1, 11, 124, 19, 'Evening', '2025-12-16 19:01:00');
INSERT INTO fact_visits (visit_id, user_id, website_id, date_id, hour_of_day, time_of_day, visit_datetime) VALUES (69, 4, 11, 157, 0, 'Night', '2026-01-19 00:57:00');
INSERT INTO fact_visits (visit_id, user_id, website_id, date_id, hour_of_day, time_of_day, visit_datetime) VALUES (70, 1, 7, 152, 19, 'Evening', '2026-01-14 19:01:39');
INSERT INTO fact_visits (visit_id, user_id, website_id, date_id, hour_of_day, time_of_day, visit_datetime) VALUES (71, 2, 11, 135, 15, 'Afternoon', '2025-12-27 15:39:52');
INSERT INTO fact_visits (visit_id, user_id, website_id, date_id, hour_of_day, time_of_day, visit_datetime) VALUES (72, 2, 13, 24, 5, 'Morning', '2025-09-05 05:35:00');
INSERT INTO fact_visits (visit_id, user_id, website_id, date_id, hour_of_day, time_of_day, visit_datetime) VALUES (73, 1, 1, 111, 21, 'Night', '2025-12-01 21:12:00');
INSERT INTO fact_visits (visit_id, user_id, website_id, date_id, hour_of_day, time_of_day, visit_datetime) VALUES (74, 3, 17, 101, 17, 'Evening', '2025-11-21 17:24:00');
INSERT INTO fact_visits (visit_id, user_id, website_id, date_id, hour_of_day, time_of_day, visit_datetime) VALUES (75, 2, 10, 75, 20, 'Evening', '2025-10-26 20:27:00');
INSERT INTO fact_visits (visit_id, user_id, website_id, date_id, hour_of_day, time_of_day, visit_datetime) VALUES (76, 4, 8, 65, 23, 'Night', '2025-10-16 23:16:00');
INSERT INTO fact_visits (visit_id, user_id, website_id, date_id, hour_of_day, time_of_day, visit_datetime) VALUES (77, 4, 12, 75, 11, 'Morning', '2025-10-26 11:41:00');
INSERT INTO fact_visits (visit_id, user_id, website_id, date_id, hour_of_day, time_of_day, visit_datetime) VALUES (78, 3, 9, 19, 8, 'Morning', '2025-08-12 08:58:00');
INSERT INTO fact_visits (visit_id, user_id, website_id, date_id, hour_of_day, time_of_day, visit_datetime) VALUES (79, 1, 6, 93, 19, 'Evening', '2025-11-13 19:30:00');
INSERT INTO fact_visits (visit_id, user_id, website_id, date_id, hour_of_day, time_of_day, visit_datetime) VALUES (80, 4, 2, 64, 20, 'Evening', '2025-10-15 20:07:00');
INSERT INTO fact_visits (visit_id, user_id, website_id, date_id, hour_of_day, time_of_day, visit_datetime) VALUES (81, 5, 5, 64, 2, 'Night', '2025-10-15 02:29:00');
INSERT INTO fact_visits (visit_id, user_id, website_id, date_id, hour_of_day, time_of_day, visit_datetime) VALUES (82, 2, 14, 174, 12, 'Afternoon', '2026-10-01 12:40:00');
INSERT INTO fact_visits (visit_id, user_id, website_id, date_id, hour_of_day, time_of_day, visit_datetime) VALUES (83, 2, 2, 25, 14, 'Afternoon', '2025-09-06 14:17:00');
INSERT INTO fact_visits (visit_id, user_id, website_id, date_id, hour_of_day, time_of_day, visit_datetime) VALUES (84, 5, 9, 144, 15, 'Afternoon', '2026-01-05 15:41:52');
INSERT INTO fact_visits (visit_id, user_id, website_id, date_id, hour_of_day, time_of_day, visit_datetime) VALUES (85, 1, 19, 145, 6, 'Morning', '2026-01-06 06:46:57');
INSERT INTO fact_visits (visit_id, user_id, website_id, date_id, hour_of_day, time_of_day, visit_datetime) VALUES (86, 5, 9, 20, 21, 'Night', '2025-09-01 21:45:35');
INSERT INTO fact_visits (visit_id, user_id, website_id, date_id, hour_of_day, time_of_day, visit_datetime) VALUES (87, 2, 8, 33, 20, 'Evening', '2025-09-14 20:47:00');
INSERT INTO fact_visits (visit_id, user_id, website_id, date_id, hour_of_day, time_of_day, visit_datetime) VALUES (88, 3, 16, 100, 1, 'Night', '2025-11-20 01:53:00');
INSERT INTO fact_visits (visit_id, user_id, website_id, date_id, hour_of_day, time_of_day, visit_datetime) VALUES (89, 4, 14, 145, 19, 'Evening', '2026-01-06 19:00:40');
INSERT INTO fact_visits (visit_id, user_id, website_id, date_id, hour_of_day, time_of_day, visit_datetime) VALUES (90, 3, 18, 122, 10, 'Morning', '2025-12-14 10:06:00');
INSERT INTO fact_visits (visit_id, user_id, website_id, date_id, hour_of_day, time_of_day, visit_datetime) VALUES (91, 2, 18, 94, 16, 'Afternoon', '2025-11-14 16:48:01');
INSERT INTO fact_visits (visit_id, user_id, website_id, date_id, hour_of_day, time_of_day, visit_datetime) VALUES (92, 1, 20, 167, 6, 'Morning', '2026-01-30 06:57:00');
INSERT INTO fact_visits (visit_id, user_id, website_id, date_id, hour_of_day, time_of_day, visit_datetime) VALUES (93, 5, 3, 79, 6, 'Morning', '2025-10-30 06:17:33');
INSERT INTO fact_visits (visit_id, user_id, website_id, date_id, hour_of_day, time_of_day, visit_datetime) VALUES (94, 3, 13, 74, 7, 'Morning', '2025-10-25 07:51:00');
INSERT INTO fact_visits (visit_id, user_id, website_id, date_id, hour_of_day, time_of_day, visit_datetime) VALUES (95, 4, 5, 89, 12, 'Afternoon', '2025-11-09 12:47:00');
INSERT INTO fact_visits (visit_id, user_id, website_id, date_id, hour_of_day, time_of_day, visit_datetime) VALUES (96, 4, 13, 46, 20, 'Evening', '2025-09-27 20:52:00');
INSERT INTO fact_visits (visit_id, user_id, website_id, date_id, hour_of_day, time_of_day, visit_datetime) VALUES (97, 5, 5, 161, 6, 'Morning', '2026-01-24 06:17:00');
INSERT INTO fact_visits (visit_id, user_id, website_id, date_id, hour_of_day, time_of_day, visit_datetime) VALUES (98, 4, 2, 133, 15, 'Afternoon', '2025-12-25 15:44:00');
INSERT INTO fact_visits (visit_id, user_id, website_id, date_id, hour_of_day, time_of_day, visit_datetime) VALUES (99, 5, 10, 104, 16, 'Afternoon', '2025-11-24 16:55:00');
INSERT INTO fact_visits (visit_id, user_id, website_id, date_id, hour_of_day, time_of_day, visit_datetime) VALUES (100, 2, 16, 49, 13, 'Afternoon', '2025-09-30 13:04:01');
INSERT INTO fact_visits (visit_id, user_id, website_id, date_id, hour_of_day, time_of_day, visit_datetime) VALUES (101, 2, 5, 50, 16, 'Afternoon', '2025-10-01 16:13:00');
INSERT INTO fact_visits (visit_id, user_id, website_id, date_id, hour_of_day, time_of_day, visit_datetime) VALUES (102, 3, 7, 124, 20, 'Evening', '2025-12-16 20:42:06');
INSERT INTO fact_visits (visit_id, user_id, website_id, date_id, hour_of_day, time_of_day, visit_datetime) VALUES (103, 2, 19, 42, 15, 'Afternoon', '2025-09-23 15:44:00');
INSERT INTO fact_visits (visit_id, user_id, website_id, date_id, hour_of_day, time_of_day, visit_datetime) VALUES (104, 5, 13, 37, 17, 'Evening', '2025-09-18 17:08:00');
INSERT INTO fact_visits (visit_id, user_id, website_id, date_id, hour_of_day, time_of_day, visit_datetime) VALUES (105, 1, 9, 77, 9, 'Morning', '2025-10-28 09:19:00');
INSERT INTO fact_visits (visit_id, user_id, website_id, date_id, hour_of_day, time_of_day, visit_datetime) VALUES (106, 1, 12, 72, 3, 'Night', '2025-10-23 03:28:00');
INSERT INTO fact_visits (visit_id, user_id, website_id, date_id, hour_of_day, time_of_day, visit_datetime) VALUES (107, 4, 19, 79, 7, 'Morning', '2025-10-30 07:10:00');
INSERT INTO fact_visits (visit_id, user_id, website_id, date_id, hour_of_day, time_of_day, visit_datetime) VALUES (108, 5, 12, 7, 0, 'Night', '2025-03-12 00:24:01');
INSERT INTO fact_visits (visit_id, user_id, website_id, date_id, hour_of_day, time_of_day, visit_datetime) VALUES (109, 3, 17, 36, 6, 'Morning', '2025-09-17 06:53:00');
INSERT INTO fact_visits (visit_id, user_id, website_id, date_id, hour_of_day, time_of_day, visit_datetime) VALUES (110, 3, 18, 77, 12, 'Afternoon', '2025-10-28 12:36:30');
INSERT INTO fact_visits (visit_id, user_id, website_id, date_id, hour_of_day, time_of_day, visit_datetime) VALUES (111, 3, 13, 51, 10, 'Morning', '2025-10-02 10:58:00');
INSERT INTO fact_visits (visit_id, user_id, website_id, date_id, hour_of_day, time_of_day, visit_datetime) VALUES (112, 5, 14, 72, 2, 'Night', '2025-10-23 02:48:00');
INSERT INTO fact_visits (visit_id, user_id, website_id, date_id, hour_of_day, time_of_day, visit_datetime) VALUES (113, 2, 5, 143, 16, 'Afternoon', '2026-01-04 16:49:00');
INSERT INTO fact_visits (visit_id, user_id, website_id, date_id, hour_of_day, time_of_day, visit_datetime) VALUES (114, 5, 15, 82, 11, 'Morning', '2025-11-02 11:42:00');
INSERT INTO fact_visits (visit_id, user_id, website_id, date_id, hour_of_day, time_of_day, visit_datetime) VALUES (115, 3, 12, 120, 19, 'Evening', '2025-12-12 19:19:59');
INSERT INTO fact_visits (visit_id, user_id, website_id, date_id, hour_of_day, time_of_day, visit_datetime) VALUES (116, 5, 11, 110, 18, 'Evening', '2025-11-30 18:11:00');
INSERT INTO fact_visits (visit_id, user_id, website_id, date_id, hour_of_day, time_of_day, visit_datetime) VALUES (117, 4, 9, 48, 16, 'Afternoon', '2025-09-29 16:41:04');
INSERT INTO fact_visits (visit_id, user_id, website_id, date_id, hour_of_day, time_of_day, visit_datetime) VALUES (118, 2, 6, 23, 16, 'Afternoon', '2025-09-04 16:54:00');
INSERT INTO fact_visits (visit_id, user_id, website_id, date_id, hour_of_day, time_of_day, visit_datetime) VALUES (119, 4, 15, 110, 2, 'Night', '2025-11-30 02:03:00');
INSERT INTO fact_visits (visit_id, user_id, website_id, date_id, hour_of_day, time_of_day, visit_datetime) VALUES (120, 1, 13, 59, 8, 'Morning', '2025-10-10 08:42:33');
INSERT INTO fact_visits (visit_id, user_id, website_id, date_id, hour_of_day, time_of_day, visit_datetime) VALUES (121, 3, 13, 71, 2, 'Night', '2025-10-22 02:05:00');
INSERT INTO fact_visits (visit_id, user_id, website_id, date_id, hour_of_day, time_of_day, visit_datetime) VALUES (122, 5, 10, 75, 20, 'Evening', '2025-10-26 20:27:00');
INSERT INTO fact_visits (visit_id, user_id, website_id, date_id, hour_of_day, time_of_day, visit_datetime) VALUES (123, 4, 20, 124, 1, 'Night', '2025-12-16 01:49:00');
INSERT INTO fact_visits (visit_id, user_id, website_id, date_id, hour_of_day, time_of_day, visit_datetime) VALUES (124, 1, 12, 21, 21, 'Night', '2025-09-02 21:24:00');
INSERT INTO fact_visits (visit_id, user_id, website_id, date_id, hour_of_day, time_of_day, visit_datetime) VALUES (125, 4, 19, 121, 23, 'Night', '2025-12-13 23:40:00');
INSERT INTO fact_visits (visit_id, user_id, website_id, date_id, hour_of_day, time_of_day, visit_datetime) VALUES (126, 4, 5, 71, 12, 'Afternoon', '2025-10-22 12:13:24');
INSERT INTO fact_visits (visit_id, user_id, website_id, date_id, hour_of_day, time_of_day, visit_datetime) VALUES (127, 2, 15, 78, 14, 'Afternoon', '2025-10-29 14:19:00');
INSERT INTO fact_visits (visit_id, user_id, website_id, date_id, hour_of_day, time_of_day, visit_datetime) VALUES (128, 4, 4, 115, 7, 'Morning', '2025-12-05 07:19:00');
INSERT INTO fact_visits (visit_id, user_id, website_id, date_id, hour_of_day, time_of_day, visit_datetime) VALUES (129, 2, 20, 36, 18, 'Evening', '2025-09-17 18:35:00');
INSERT INTO fact_visits (visit_id, user_id, website_id, date_id, hour_of_day, time_of_day, visit_datetime) VALUES (130, 4, 10, 138, 6, 'Morning', '2025-12-30 06:31:00');
INSERT INTO fact_visits (visit_id, user_id, website_id, date_id, hour_of_day, time_of_day, visit_datetime) VALUES (131, 5, 1, 139, 3, 'Night', '2025-12-31 03:54:47');
INSERT INTO fact_visits (visit_id, user_id, website_id, date_id, hour_of_day, time_of_day, visit_datetime) VALUES (132, 3, 6, 158, 18, 'Evening', '2026-01-20 18:44:00');
INSERT INTO fact_visits (visit_id, user_id, website_id, date_id, hour_of_day, time_of_day, visit_datetime) VALUES (133, 5, 11, 34, 12, 'Afternoon', '2025-09-15 12:53:50');
INSERT INTO fact_visits (visit_id, user_id, website_id, date_id, hour_of_day, time_of_day, visit_datetime) VALUES (134, 3, 14, 39, 18, 'Evening', '2025-09-20 18:11:00');
INSERT INTO fact_visits (visit_id, user_id, website_id, date_id, hour_of_day, time_of_day, visit_datetime) VALUES (135, 5, 8, 48, 18, 'Evening', '2025-09-29 18:39:39');
INSERT INTO fact_visits (visit_id, user_id, website_id, date_id, hour_of_day, time_of_day, visit_datetime) VALUES (136, 4, 17, 84, 18, 'Evening', '2025-11-04 18:32:49');
INSERT INTO fact_visits (visit_id, user_id, website_id, date_id, hour_of_day, time_of_day, visit_datetime) VALUES (137, 1, 16, 86, 6, 'Morning', '2025-11-06 06:50:00');
INSERT INTO fact_visits (visit_id, user_id, website_id, date_id, hour_of_day, time_of_day, visit_datetime) VALUES (138, 1, 20, 111, 23, 'Night', '2025-12-01 23:48:00');
INSERT INTO fact_visits (visit_id, user_id, website_id, date_id, hour_of_day, time_of_day, visit_datetime) VALUES (139, 1, 7, 132, 23, 'Night', '2025-12-24 23:52:00');
INSERT INTO fact_visits (visit_id, user_id, website_id, date_id, hour_of_day, time_of_day, visit_datetime) VALUES (140, 3, 1, 22, 8, 'Morning', '2025-09-03 08:14:10');
INSERT INTO fact_visits (visit_id, user_id, website_id, date_id, hour_of_day, time_of_day, visit_datetime) VALUES (141, 3, 11, 63, 8, 'Morning', '2025-10-14 08:07:00');
INSERT INTO fact_visits (visit_id, user_id, website_id, date_id, hour_of_day, time_of_day, visit_datetime) VALUES (142, 5, 19, 129, 15, 'Afternoon', '2025-12-21 15:13:00');
INSERT INTO fact_visits (visit_id, user_id, website_id, date_id, hour_of_day, time_of_day, visit_datetime) VALUES (143, 5, 15, 141, 1, 'Night', '2026-01-02 01:40:00');
INSERT INTO fact_visits (visit_id, user_id, website_id, date_id, hour_of_day, time_of_day, visit_datetime) VALUES (144, 4, 3, 99, 0, 'Night', '2025-11-19 00:00:00');
INSERT INTO fact_visits (visit_id, user_id, website_id, date_id, hour_of_day, time_of_day, visit_datetime) VALUES (145, 5, 12, 47, 14, 'Afternoon', '2025-09-28 14:34:00');
INSERT INTO fact_visits (visit_id, user_id, website_id, date_id, hour_of_day, time_of_day, visit_datetime) VALUES (146, 5, 7, 93, 7, 'Morning', '2025-11-13 07:15:00');
INSERT INTO fact_visits (visit_id, user_id, website_id, date_id, hour_of_day, time_of_day, visit_datetime) VALUES (147, 4, 10, 137, 21, 'Night', '2025-12-29 21:34:10');
INSERT INTO fact_visits (visit_id, user_id, website_id, date_id, hour_of_day, time_of_day, visit_datetime) VALUES (148, 4, 4, 51, 22, 'Night', '2025-10-02 22:49:00');
INSERT INTO fact_visits (visit_id, user_id, website_id, date_id, hour_of_day, time_of_day, visit_datetime) VALUES (149, 2, 13, 116, 23, 'Night', '2025-12-07 23:22:07');
INSERT INTO fact_visits (visit_id, user_id, website_id, date_id, hour_of_day, time_of_day, visit_datetime) VALUES (150, 1, 16, 124, 20, 'Evening', '2025-12-16 20:49:00');
INSERT INTO fact_visits (visit_id, user_id, website_id, date_id, hour_of_day, time_of_day, visit_datetime) VALUES (151, 3, 2, 141, 7, 'Morning', '2026-01-02 07:12:47');
INSERT INTO fact_visits (visit_id, user_id, website_id, date_id, hour_of_day, time_of_day, visit_datetime) VALUES (152, 2, 13, 107, 8, 'Morning', '2025-11-27 08:09:00');
INSERT INTO fact_visits (visit_id, user_id, website_id, date_id, hour_of_day, time_of_day, visit_datetime) VALUES (153, 4, 10, 121, 4, 'Night', '2025-12-13 04:38:35');
INSERT INTO fact_visits (visit_id, user_id, website_id, date_id, hour_of_day, time_of_day, visit_datetime) VALUES (154, 2, 6, 59, 20, 'Evening', '2025-10-10 20:16:00');
INSERT INTO fact_visits (visit_id, user_id, website_id, date_id, hour_of_day, time_of_day, visit_datetime) VALUES (155, 3, 17, 5, 0, 'Night', '2025-03-10 00:00:00');
INSERT INTO fact_visits (visit_id, user_id, website_id, date_id, hour_of_day, time_of_day, visit_datetime) VALUES (156, 3, 14, 147, 0, 'Night', '2026-01-09 00:00:00');
INSERT INTO fact_visits (visit_id, user_id, website_id, date_id, hour_of_day, time_of_day, visit_datetime) VALUES (157, 4, 11, 164, 0, 'Night', '2026-01-27 00:00:00');
INSERT INTO fact_visits (visit_id, user_id, website_id, date_id, hour_of_day, time_of_day, visit_datetime) VALUES (158, 5, 15, 98, 15, 'Afternoon', '2025-11-18 15:39:00');
INSERT INTO fact_visits (visit_id, user_id, website_id, date_id, hour_of_day, time_of_day, visit_datetime) VALUES (159, 2, 11, 91, 20, 'Evening', '2025-11-11 20:34:20');
INSERT INTO fact_visits (visit_id, user_id, website_id, date_id, hour_of_day, time_of_day, visit_datetime) VALUES (160, 5, 20, 101, 7, 'Morning', '2025-11-21 07:39:00');
INSERT INTO fact_visits (visit_id, user_id, website_id, date_id, hour_of_day, time_of_day, visit_datetime) VALUES (161, 3, 4, 54, 16, 'Afternoon', '2025-10-05 16:11:10');
INSERT INTO fact_visits (visit_id, user_id, website_id, date_id, hour_of_day, time_of_day, visit_datetime) VALUES (162, 3, 4, 18, 4, 'Night', '2025-08-11 04:27:00');
INSERT INTO fact_visits (visit_id, user_id, website_id, date_id, hour_of_day, time_of_day, visit_datetime) VALUES (163, 5, 12, 107, 0, 'Night', '2025-11-27 00:38:00');
INSERT INTO fact_visits (visit_id, user_id, website_id, date_id, hour_of_day, time_of_day, visit_datetime) VALUES (164, 1, 1, 73, 13, 'Afternoon', '2025-10-24 13:41:00');
INSERT INTO fact_visits (visit_id, user_id, website_id, date_id, hour_of_day, time_of_day, visit_datetime) VALUES (165, 2, 6, 68, 6, 'Morning', '2025-10-19 06:49:00');
INSERT INTO fact_visits (visit_id, user_id, website_id, date_id, hour_of_day, time_of_day, visit_datetime) VALUES (166, 4, 12, 37, 15, 'Afternoon', '2025-09-18 15:40:06');
INSERT INTO fact_visits (visit_id, user_id, website_id, date_id, hour_of_day, time_of_day, visit_datetime) VALUES (167, 5, 12, 110, 4, 'Night', '2025-11-30 04:27:00');
INSERT INTO fact_visits (visit_id, user_id, website_id, date_id, hour_of_day, time_of_day, visit_datetime) VALUES (168, 5, 7, 122, 23, 'Night', '2025-12-14 23:18:17');
INSERT INTO fact_visits (visit_id, user_id, website_id, date_id, hour_of_day, time_of_day, visit_datetime) VALUES (169, 1, 6, 58, 19, 'Evening', '2025-10-09 19:50:15');
INSERT INTO fact_visits (visit_id, user_id, website_id, date_id, hour_of_day, time_of_day, visit_datetime) VALUES (170, 5, 7, 145, 20, 'Evening', '2026-01-06 20:37:00');
INSERT INTO fact_visits (visit_id, user_id, website_id, date_id, hour_of_day, time_of_day, visit_datetime) VALUES (171, 3, 16, 120, 19, 'Evening', '2025-12-12 19:15:54');
INSERT INTO fact_visits (visit_id, user_id, website_id, date_id, hour_of_day, time_of_day, visit_datetime) VALUES (172, 2, 11, 92, 21, 'Night', '2025-11-12 21:45:00');
INSERT INTO fact_visits (visit_id, user_id, website_id, date_id, hour_of_day, time_of_day, visit_datetime) VALUES (173, 5, 5, 104, 21, 'Night', '2025-11-24 21:03:00');
INSERT INTO fact_visits (visit_id, user_id, website_id, date_id, hour_of_day, time_of_day, visit_datetime) VALUES (174, 1, 19, 66, 16, 'Afternoon', '2025-10-17 16:09:00');
INSERT INTO fact_visits (visit_id, user_id, website_id, date_id, hour_of_day, time_of_day, visit_datetime) VALUES (175, 1, 4, 146, 0, 'Night', '2026-01-07 00:00:00');
INSERT INTO fact_visits (visit_id, user_id, website_id, date_id, hour_of_day, time_of_day, visit_datetime) VALUES (176, 4, 17, 153, 5, 'Morning', '2026-01-15 05:12:00');
INSERT INTO fact_visits (visit_id, user_id, website_id, date_id, hour_of_day, time_of_day, visit_datetime) VALUES (177, 4, 17, 111, 3, 'Night', '2025-12-01 03:32:53');
INSERT INTO fact_visits (visit_id, user_id, website_id, date_id, hour_of_day, time_of_day, visit_datetime) VALUES (178, 5, 1, 83, 16, 'Afternoon', '2025-11-03 16:14:56');
INSERT INTO fact_visits (visit_id, user_id, website_id, date_id, hour_of_day, time_of_day, visit_datetime) VALUES (179, 5, 8, 30, 14, 'Afternoon', '2025-09-11 14:00:00');
INSERT INTO fact_visits (visit_id, user_id, website_id, date_id, hour_of_day, time_of_day, visit_datetime) VALUES (180, 4, 8, 110, 0, 'Night', '2025-11-30 00:26:04');
INSERT INTO fact_visits (visit_id, user_id, website_id, date_id, hour_of_day, time_of_day, visit_datetime) VALUES (181, 1, 14, 34, 4, 'Night', '2025-09-15 04:20:00');
INSERT INTO fact_visits (visit_id, user_id, website_id, date_id, hour_of_day, time_of_day, visit_datetime) VALUES (182, 5, 6, 149, 2, 'Night', '2026-01-11 02:24:00');
INSERT INTO fact_visits (visit_id, user_id, website_id, date_id, hour_of_day, time_of_day, visit_datetime) VALUES (183, 2, 4, 36, 0, 'Night', '2025-09-17 00:06:27');
INSERT INTO fact_visits (visit_id, user_id, website_id, date_id, hour_of_day, time_of_day, visit_datetime) VALUES (184, 4, 12, 55, 17, 'Evening', '2025-10-06 17:43:00');
INSERT INTO fact_visits (visit_id, user_id, website_id, date_id, hour_of_day, time_of_day, visit_datetime) VALUES (185, 4, 2, 137, 3, 'Night', '2025-12-29 03:27:00');
INSERT INTO fact_visits (visit_id, user_id, website_id, date_id, hour_of_day, time_of_day, visit_datetime) VALUES (186, 2, 17, 72, 2, 'Night', '2025-10-23 02:51:58');
INSERT INTO fact_visits (visit_id, user_id, website_id, date_id, hour_of_day, time_of_day, visit_datetime) VALUES (187, 5, 2, 121, 0, 'Night', '2025-12-13 00:00:00');
INSERT INTO fact_visits (visit_id, user_id, website_id, date_id, hour_of_day, time_of_day, visit_datetime) VALUES (188, 3, 2, 112, 3, 'Night', '2025-12-02 03:45:00');
INSERT INTO fact_visits (visit_id, user_id, website_id, date_id, hour_of_day, time_of_day, visit_datetime) VALUES (189, 4, 20, 118, 6, 'Morning', '2025-12-10 06:54:00');
INSERT INTO fact_visits (visit_id, user_id, website_id, date_id, hour_of_day, time_of_day, visit_datetime) VALUES (190, 5, 17, 21, 0, 'Night', '2025-09-02 00:00:00');
INSERT INTO fact_visits (visit_id, user_id, website_id, date_id, hour_of_day, time_of_day, visit_datetime) VALUES (191, 1, 17, 26, 6, 'Morning', '2025-09-07 06:12:16');
INSERT INTO fact_visits (visit_id, user_id, website_id, date_id, hour_of_day, time_of_day, visit_datetime) VALUES (192, 4, 8, 127, 8, 'Morning', '2025-12-19 08:16:00');
INSERT INTO fact_visits (visit_id, user_id, website_id, date_id, hour_of_day, time_of_day, visit_datetime) VALUES (193, 1, 17, 137, 7, 'Morning', '2025-12-29 07:42:00');
INSERT INTO fact_visits (visit_id, user_id, website_id, date_id, hour_of_day, time_of_day, visit_datetime) VALUES (194, 1, 3, 50, 6, 'Morning', '2025-10-01 06:58:18');
INSERT INTO fact_visits (visit_id, user_id, website_id, date_id, hour_of_day, time_of_day, visit_datetime) VALUES (195, 4, 12, 76, 13, 'Afternoon', '2025-10-27 13:22:00');
INSERT INTO fact_visits (visit_id, user_id, website_id, date_id, hour_of_day, time_of_day, visit_datetime) VALUES (196, 2, 16, 10, 2, 'Night', '2025-04-12 02:26:00');
INSERT INTO fact_visits (visit_id, user_id, website_id, date_id, hour_of_day, time_of_day, visit_datetime) VALUES (197, 2, 10, 94, 2, 'Night', '2025-11-14 02:18:00');
INSERT INTO fact_visits (visit_id, user_id, website_id, date_id, hour_of_day, time_of_day, visit_datetime) VALUES (198, 3, 9, 117, 0, 'Night', '2025-12-08 00:00:00');
INSERT INTO fact_visits (visit_id, user_id, website_id, date_id, hour_of_day, time_of_day, visit_datetime) VALUES (199, 1, 14, 130, 18, 'Evening', '2025-12-22 18:00:00');
INSERT INTO fact_visits (visit_id, user_id, website_id, date_id, hour_of_day, time_of_day, visit_datetime) VALUES (200, 2, 12, 129, 19, 'Evening', '2025-12-21 19:47:00');
INSERT INTO fact_visits (visit_id, user_id, website_id, date_id, hour_of_day, time_of_day, visit_datetime) VALUES (201, 5, 7, 163, 13, 'Afternoon', '2026-01-26 13:48:00');
INSERT INTO fact_visits (visit_id, user_id, website_id, date_id, hour_of_day, time_of_day, visit_datetime) VALUES (202, 5, 8, 13, 13, 'Afternoon', '2025-06-11 13:15:00');
INSERT INTO fact_visits (visit_id, user_id, website_id, date_id, hour_of_day, time_of_day, visit_datetime) VALUES (203, 1, 11, 62, 20, 'Evening', '2025-10-13 20:56:47');
INSERT INTO fact_visits (visit_id, user_id, website_id, date_id, hour_of_day, time_of_day, visit_datetime) VALUES (204, 1, 18, 32, 20, 'Evening', '2025-09-13 20:13:00');
INSERT INTO fact_visits (visit_id, user_id, website_id, date_id, hour_of_day, time_of_day, visit_datetime) VALUES (205, 4, 13, 56, 2, 'Night', '2025-10-07 02:00:00');
INSERT INTO fact_visits (visit_id, user_id, website_id, date_id, hour_of_day, time_of_day, visit_datetime) VALUES (206, 1, 2, 148, 16, 'Afternoon', '2026-01-10 16:07:23');
INSERT INTO fact_visits (visit_id, user_id, website_id, date_id, hour_of_day, time_of_day, visit_datetime) VALUES (207, 2, 7, 167, 15, 'Afternoon', '2026-01-30 15:36:00');
INSERT INTO fact_visits (visit_id, user_id, website_id, date_id, hour_of_day, time_of_day, visit_datetime) VALUES (208, 3, 20, 80, 5, 'Morning', '2025-10-31 05:03:00');
INSERT INTO fact_visits (visit_id, user_id, website_id, date_id, hour_of_day, time_of_day, visit_datetime) VALUES (209, 1, 6, 38, 16, 'Afternoon', '2025-09-19 16:51:18');
INSERT INTO fact_visits (visit_id, user_id, website_id, date_id, hour_of_day, time_of_day, visit_datetime) VALUES (210, 3, 2, 133, 8, 'Morning', '2025-12-25 08:36:00');
INSERT INTO fact_visits (visit_id, user_id, website_id, date_id, hour_of_day, time_of_day, visit_datetime) VALUES (211, 5, 4, 79, 12, 'Afternoon', '2025-10-30 12:58:00');
INSERT INTO fact_visits (visit_id, user_id, website_id, date_id, hour_of_day, time_of_day, visit_datetime) VALUES (212, 5, 14, 113, 21, 'Night', '2025-12-03 21:52:00');
INSERT INTO fact_visits (visit_id, user_id, website_id, date_id, hour_of_day, time_of_day, visit_datetime) VALUES (213, 4, 16, 171, 16, 'Afternoon', '2026-06-01 16:55:00');
INSERT INTO fact_visits (visit_id, user_id, website_id, date_id, hour_of_day, time_of_day, visit_datetime) VALUES (214, 3, 15, 129, 18, 'Evening', '2025-12-21 18:55:00');
INSERT INTO fact_visits (visit_id, user_id, website_id, date_id, hour_of_day, time_of_day, visit_datetime) VALUES (215, 2, 13, 117, 5, 'Morning', '2025-12-08 05:56:00');
INSERT INTO fact_visits (visit_id, user_id, website_id, date_id, hour_of_day, time_of_day, visit_datetime) VALUES (216, 5, 2, 127, 10, 'Morning', '2025-12-19 10:35:17');
INSERT INTO fact_visits (visit_id, user_id, website_id, date_id, hour_of_day, time_of_day, visit_datetime) VALUES (217, 3, 19, 24, 15, 'Afternoon', '2025-09-05 15:25:00');
INSERT INTO fact_visits (visit_id, user_id, website_id, date_id, hour_of_day, time_of_day, visit_datetime) VALUES (218, 5, 18, 43, 19, 'Evening', '2025-09-24 19:31:54');
INSERT INTO fact_visits (visit_id, user_id, website_id, date_id, hour_of_day, time_of_day, visit_datetime) VALUES (219, 1, 5, 167, 0, 'Night', '2026-01-30 00:00:00');
INSERT INTO fact_visits (visit_id, user_id, website_id, date_id, hour_of_day, time_of_day, visit_datetime) VALUES (220, 2, 9, 13, 13, 'Afternoon', '2025-06-11 13:50:16');
INSERT INTO fact_visits (visit_id, user_id, website_id, date_id, hour_of_day, time_of_day, visit_datetime) VALUES (221, 3, 9, 142, 8, 'Morning', '2026-01-03 08:06:00');
INSERT INTO fact_visits (visit_id, user_id, website_id, date_id, hour_of_day, time_of_day, visit_datetime) VALUES (222, 2, 16, 37, 17, 'Evening', '2025-09-18 17:36:00');
INSERT INTO fact_visits (visit_id, user_id, website_id, date_id, hour_of_day, time_of_day, visit_datetime) VALUES (223, 4, 6, 44, 10, 'Morning', '2025-09-25 10:23:00');
INSERT INTO fact_visits (visit_id, user_id, website_id, date_id, hour_of_day, time_of_day, visit_datetime) VALUES (224, 3, 2, 127, 0, 'Night', '2025-12-19 00:20:00');
INSERT INTO fact_visits (visit_id, user_id, website_id, date_id, hour_of_day, time_of_day, visit_datetime) VALUES (225, 5, 11, 62, 14, 'Afternoon', '2025-10-13 14:18:00');
INSERT INTO fact_visits (visit_id, user_id, website_id, date_id, hour_of_day, time_of_day, visit_datetime) VALUES (226, 3, 19, 119, 8, 'Morning', '2025-12-11 08:54:00');
INSERT INTO fact_visits (visit_id, user_id, website_id, date_id, hour_of_day, time_of_day, visit_datetime) VALUES (227, 4, 17, 146, 19, 'Evening', '2026-01-07 19:36:55');
INSERT INTO fact_visits (visit_id, user_id, website_id, date_id, hour_of_day, time_of_day, visit_datetime) VALUES (228, 3, 16, 159, 23, 'Night', '2026-01-22 23:52:00');
INSERT INTO fact_visits (visit_id, user_id, website_id, date_id, hour_of_day, time_of_day, visit_datetime) VALUES (229, 5, 4, 94, 21, 'Night', '2025-11-14 21:33:00');
INSERT INTO fact_visits (visit_id, user_id, website_id, date_id, hour_of_day, time_of_day, visit_datetime) VALUES (230, 2, 17, 22, 23, 'Night', '2025-09-03 23:27:00');
INSERT INTO fact_visits (visit_id, user_id, website_id, date_id, hour_of_day, time_of_day, visit_datetime) VALUES (231, 3, 1, 156, 13, 'Afternoon', '2026-01-18 13:41:36');
INSERT INTO fact_visits (visit_id, user_id, website_id, date_id, hour_of_day, time_of_day, visit_datetime) VALUES (232, 5, 9, 159, 1, 'Night', '2026-01-22 01:25:00');
INSERT INTO fact_visits (visit_id, user_id, website_id, date_id, hour_of_day, time_of_day, visit_datetime) VALUES (233, 3, 11, 36, 20, 'Evening', '2025-09-17 20:43:00');
INSERT INTO fact_visits (visit_id, user_id, website_id, date_id, hour_of_day, time_of_day, visit_datetime) VALUES (234, 1, 18, 31, 12, 'Afternoon', '2025-09-12 12:37:00');
INSERT INTO fact_visits (visit_id, user_id, website_id, date_id, hour_of_day, time_of_day, visit_datetime) VALUES (235, 5, 19, 110, 16, 'Afternoon', '2025-11-30 16:29:00');
INSERT INTO fact_visits (visit_id, user_id, website_id, date_id, hour_of_day, time_of_day, visit_datetime) VALUES (236, 5, 8, 109, 15, 'Afternoon', '2025-11-29 15:40:00');
INSERT INTO fact_visits (visit_id, user_id, website_id, date_id, hour_of_day, time_of_day, visit_datetime) VALUES (237, 4, 6, 108, 7, 'Morning', '2025-11-28 07:27:00');
INSERT INTO fact_visits (visit_id, user_id, website_id, date_id, hour_of_day, time_of_day, visit_datetime) VALUES (238, 1, 7, 98, 10, 'Morning', '2025-11-18 10:34:24');
INSERT INTO fact_visits (visit_id, user_id, website_id, date_id, hour_of_day, time_of_day, visit_datetime) VALUES (239, 3, 4, 94, 11, 'Morning', '2025-11-14 11:35:00');
INSERT INTO fact_visits (visit_id, user_id, website_id, date_id, hour_of_day, time_of_day, visit_datetime) VALUES (240, 5, 4, 12, 5, 'Morning', '2025-06-10 05:48:00');
INSERT INTO fact_visits (visit_id, user_id, website_id, date_id, hour_of_day, time_of_day, visit_datetime) VALUES (241, 1, 7, 88, 6, 'Morning', '2025-11-08 06:19:00');
INSERT INTO fact_visits (visit_id, user_id, website_id, date_id, hour_of_day, time_of_day, visit_datetime) VALUES (242, 3, 3, 68, 21, 'Night', '2025-10-19 21:00:00');
INSERT INTO fact_visits (visit_id, user_id, website_id, date_id, hour_of_day, time_of_day, visit_datetime) VALUES (243, 5, 20, 103, 14, 'Afternoon', '2025-11-23 14:04:05');
INSERT INTO fact_visits (visit_id, user_id, website_id, date_id, hour_of_day, time_of_day, visit_datetime) VALUES (244, 4, 18, 155, 10, 'Morning', '2026-01-17 10:34:00');
INSERT INTO fact_visits (visit_id, user_id, website_id, date_id, hour_of_day, time_of_day, visit_datetime) VALUES (245, 4, 10, 51, 5, 'Morning', '2025-10-02 05:05:36');
INSERT INTO fact_visits (visit_id, user_id, website_id, date_id, hour_of_day, time_of_day, visit_datetime) VALUES (246, 2, 3, 70, 14, 'Afternoon', '2025-10-21 14:17:38');
INSERT INTO fact_visits (visit_id, user_id, website_id, date_id, hour_of_day, time_of_day, visit_datetime) VALUES (247, 5, 11, 45, 2, 'Night', '2025-09-26 02:02:00');
INSERT INTO fact_visits (visit_id, user_id, website_id, date_id, hour_of_day, time_of_day, visit_datetime) VALUES (248, 4, 6, 117, 3, 'Night', '2025-12-08 03:27:00');
INSERT INTO fact_visits (visit_id, user_id, website_id, date_id, hour_of_day, time_of_day, visit_datetime) VALUES (249, 4, 11, 167, 12, 'Afternoon', '2026-01-30 12:30:00');
INSERT INTO fact_visits (visit_id, user_id, website_id, date_id, hour_of_day, time_of_day, visit_datetime) VALUES (250, 1, 8, 130, 19, 'Evening', '2025-12-22 19:47:57');
INSERT INTO fact_visits (visit_id, user_id, website_id, date_id, hour_of_day, time_of_day, visit_datetime) VALUES (251, 1, 20, 40, 22, 'Night', '2025-09-21 22:13:00');
INSERT INTO fact_visits (visit_id, user_id, website_id, date_id, hour_of_day, time_of_day, visit_datetime) VALUES (252, 3, 16, 139, 16, 'Afternoon', '2025-12-31 16:34:00');
INSERT INTO fact_visits (visit_id, user_id, website_id, date_id, hour_of_day, time_of_day, visit_datetime) VALUES (253, 4, 20, 146, 19, 'Evening', '2026-01-07 19:36:00');
INSERT INTO fact_visits (visit_id, user_id, website_id, date_id, hour_of_day, time_of_day, visit_datetime) VALUES (254, 5, 13, 119, 10, 'Morning', '2025-12-11 10:32:00');
INSERT INTO fact_visits (visit_id, user_id, website_id, date_id, hour_of_day, time_of_day, visit_datetime) VALUES (255, 3, 4, 58, 2, 'Night', '2025-10-09 02:49:59');
INSERT INTO fact_visits (visit_id, user_id, website_id, date_id, hour_of_day, time_of_day, visit_datetime) VALUES (256, 4, 15, 147, 1, 'Night', '2026-01-09 01:42:00');
INSERT INTO fact_visits (visit_id, user_id, website_id, date_id, hour_of_day, time_of_day, visit_datetime) VALUES (257, 3, 1, 172, 7, 'Morning', '2026-08-01 07:49:00');
INSERT INTO fact_visits (visit_id, user_id, website_id, date_id, hour_of_day, time_of_day, visit_datetime) VALUES (258, 1, 12, 131, 0, 'Night', '2025-12-23 00:00:00');
INSERT INTO fact_visits (visit_id, user_id, website_id, date_id, hour_of_day, time_of_day, visit_datetime) VALUES (259, 5, 8, 126, 10, 'Morning', '2025-12-18 10:04:21');
INSERT INTO fact_visits (visit_id, user_id, website_id, date_id, hour_of_day, time_of_day, visit_datetime) VALUES (260, 1, 4, 99, 3, 'Night', '2025-11-19 03:42:00');
INSERT INTO fact_visits (visit_id, user_id, website_id, date_id, hour_of_day, time_of_day, visit_datetime) VALUES (261, 2, 8, 153, 4, 'Night', '2026-01-15 04:53:04');
INSERT INTO fact_visits (visit_id, user_id, website_id, date_id, hour_of_day, time_of_day, visit_datetime) VALUES (262, 3, 5, 161, 19, 'Evening', '2026-01-24 19:20:39');
INSERT INTO fact_visits (visit_id, user_id, website_id, date_id, hour_of_day, time_of_day, visit_datetime) VALUES (263, 4, 4, 63, 19, 'Evening', '2025-10-14 19:17:29');
INSERT INTO fact_visits (visit_id, user_id, website_id, date_id, hour_of_day, time_of_day, visit_datetime) VALUES (264, 4, 4, 30, 7, 'Morning', '2025-09-11 07:23:42');
INSERT INTO fact_visits (visit_id, user_id, website_id, date_id, hour_of_day, time_of_day, visit_datetime) VALUES (265, 4, 16, 17, 10, 'Morning', '2025-07-12 10:43:47');
INSERT INTO fact_visits (visit_id, user_id, website_id, date_id, hour_of_day, time_of_day, visit_datetime) VALUES (266, 3, 1, 163, 0, 'Night', '2026-01-26 00:00:00');
INSERT INTO fact_visits (visit_id, user_id, website_id, date_id, hour_of_day, time_of_day, visit_datetime) VALUES (267, 1, 15, 39, 23, 'Night', '2025-09-20 23:06:00');
INSERT INTO fact_visits (visit_id, user_id, website_id, date_id, hour_of_day, time_of_day, visit_datetime) VALUES (268, 1, 20, 166, 8, 'Morning', '2026-01-29 08:49:00');
INSERT INTO fact_visits (visit_id, user_id, website_id, date_id, hour_of_day, time_of_day, visit_datetime) VALUES (269, 1, 14, 150, 5, 'Morning', '2026-01-12 05:02:50');
INSERT INTO fact_visits (visit_id, user_id, website_id, date_id, hour_of_day, time_of_day, visit_datetime) VALUES (270, 2, 20, 124, 19, 'Evening', '2025-12-16 19:33:00');
INSERT INTO fact_visits (visit_id, user_id, website_id, date_id, hour_of_day, time_of_day, visit_datetime) VALUES (271, 5, 14, 14, 6, 'Morning', '2025-07-09 06:55:00');
INSERT INTO fact_visits (visit_id, user_id, website_id, date_id, hour_of_day, time_of_day, visit_datetime) VALUES (272, 1, 11, 26, 1, 'Night', '2025-09-07 01:44:46');
INSERT INTO fact_visits (visit_id, user_id, website_id, date_id, hour_of_day, time_of_day, visit_datetime) VALUES (273, 1, 10, 137, 5, 'Morning', '2025-12-29 05:56:00');
INSERT INTO fact_visits (visit_id, user_id, website_id, date_id, hour_of_day, time_of_day, visit_datetime) VALUES (274, 4, 8, 96, 7, 'Morning', '2025-11-16 07:49:25');
INSERT INTO fact_visits (visit_id, user_id, website_id, date_id, hour_of_day, time_of_day, visit_datetime) VALUES (275, 3, 3, 103, 0, 'Night', '2025-11-23 00:00:00');
INSERT INTO fact_visits (visit_id, user_id, website_id, date_id, hour_of_day, time_of_day, visit_datetime) VALUES (276, 3, 4, 106, 1, 'Night', '2025-11-26 01:03:00');
INSERT INTO fact_visits (visit_id, user_id, website_id, date_id, hour_of_day, time_of_day, visit_datetime) VALUES (277, 3, 20, 24, 2, 'Night', '2025-09-05 02:01:00');
INSERT INTO fact_visits (visit_id, user_id, website_id, date_id, hour_of_day, time_of_day, visit_datetime) VALUES (278, 4, 7, 32, 4, 'Night', '2025-09-13 04:42:00');
INSERT INTO fact_visits (visit_id, user_id, website_id, date_id, hour_of_day, time_of_day, visit_datetime) VALUES (279, 2, 7, 139, 15, 'Afternoon', '2025-12-31 15:36:41');
INSERT INTO fact_visits (visit_id, user_id, website_id, date_id, hour_of_day, time_of_day, visit_datetime) VALUES (280, 3, 9, 94, 2, 'Night', '2025-11-14 02:28:00');
INSERT INTO fact_visits (visit_id, user_id, website_id, date_id, hour_of_day, time_of_day, visit_datetime) VALUES (281, 5, 12, 61, 12, 'Afternoon', '2025-10-12 12:08:04');
INSERT INTO fact_visits (visit_id, user_id, website_id, date_id, hour_of_day, time_of_day, visit_datetime) VALUES (282, 2, 7, 66, 16, 'Afternoon', '2025-10-17 16:06:08');
INSERT INTO fact_visits (visit_id, user_id, website_id, date_id, hour_of_day, time_of_day, visit_datetime) VALUES (283, 3, 3, 63, 14, 'Afternoon', '2025-10-14 14:25:35');
INSERT INTO fact_visits (visit_id, user_id, website_id, date_id, hour_of_day, time_of_day, visit_datetime) VALUES (284, 3, 9, 69, 19, 'Evening', '2025-10-20 19:47:55');
INSERT INTO fact_visits (visit_id, user_id, website_id, date_id, hour_of_day, time_of_day, visit_datetime) VALUES (285, 1, 14, 81, 18, 'Evening', '2025-11-01 18:00:00');
INSERT INTO fact_visits (visit_id, user_id, website_id, date_id, hour_of_day, time_of_day, visit_datetime) VALUES (286, 1, 19, 125, 22, 'Night', '2025-12-17 22:27:00');
INSERT INTO fact_visits (visit_id, user_id, website_id, date_id, hour_of_day, time_of_day, visit_datetime) VALUES (287, 5, 14, 160, 4, 'Night', '2026-01-23 04:23:00');
INSERT INTO fact_visits (visit_id, user_id, website_id, date_id, hour_of_day, time_of_day, visit_datetime) VALUES (288, 4, 14, 117, 0, 'Night', '2025-12-08 00:12:00');
INSERT INTO fact_visits (visit_id, user_id, website_id, date_id, hour_of_day, time_of_day, visit_datetime) VALUES (289, 4, 19, 40, 1, 'Night', '2025-09-21 01:22:00');
INSERT INTO fact_visits (visit_id, user_id, website_id, date_id, hour_of_day, time_of_day, visit_datetime) VALUES (290, 5, 14, 170, 13, 'Afternoon', '2026-05-01 13:46:00');
INSERT INTO fact_visits (visit_id, user_id, website_id, date_id, hour_of_day, time_of_day, visit_datetime) VALUES (291, 2, 16, 8, 20, 'Evening', '2025-04-10 20:02:00');
INSERT INTO fact_visits (visit_id, user_id, website_id, date_id, hour_of_day, time_of_day, visit_datetime) VALUES (292, 3, 13, 37, 12, 'Afternoon', '2025-09-18 12:12:00');
INSERT INTO fact_visits (visit_id, user_id, website_id, date_id, hour_of_day, time_of_day, visit_datetime) VALUES (293, 3, 7, 157, 4, 'Night', '2026-01-19 04:44:08');
INSERT INTO fact_visits (visit_id, user_id, website_id, date_id, hour_of_day, time_of_day, visit_datetime) VALUES (294, 2, 20, 161, 3, 'Night', '2026-01-24 03:30:47');
INSERT INTO fact_visits (visit_id, user_id, website_id, date_id, hour_of_day, time_of_day, visit_datetime) VALUES (295, 1, 1, 27, 14, 'Afternoon', '2025-09-08 14:38:33');
INSERT INTO fact_visits (visit_id, user_id, website_id, date_id, hour_of_day, time_of_day, visit_datetime) VALUES (296, 5, 16, 137, 9, 'Morning', '2025-12-29 09:13:00');
INSERT INTO fact_visits (visit_id, user_id, website_id, date_id, hour_of_day, time_of_day, visit_datetime) VALUES (297, 5, 19, 32, 0, 'Night', '2025-09-13 00:00:00');
INSERT INTO fact_visits (visit_id, user_id, website_id, date_id, hour_of_day, time_of_day, visit_datetime) VALUES (298, 1, 17, 82, 8, 'Morning', '2025-11-02 08:44:00');
INSERT INTO fact_visits (visit_id, user_id, website_id, date_id, hour_of_day, time_of_day, visit_datetime) VALUES (299, 1, 7, 76, 13, 'Afternoon', '2025-10-27 13:42:00');
INSERT INTO fact_visits (visit_id, user_id, website_id, date_id, hour_of_day, time_of_day, visit_datetime) VALUES (300, 4, 8, 44, 22, 'Night', '2025-09-25 22:20:00');
INSERT INTO fact_visits (visit_id, user_id, website_id, date_id, hour_of_day, time_of_day, visit_datetime) VALUES (301, 1, 2, 62, 11, 'Morning', '2025-10-13 11:43:00');
INSERT INTO fact_visits (visit_id, user_id, website_id, date_id, hour_of_day, time_of_day, visit_datetime) VALUES (302, 2, 4, 164, 5, 'Morning', '2026-01-27 05:31:00');
INSERT INTO fact_visits (visit_id, user_id, website_id, date_id, hour_of_day, time_of_day, visit_datetime) VALUES (303, 3, 4, 60, 17, 'Evening', '2025-10-11 17:11:00');
INSERT INTO fact_visits (visit_id, user_id, website_id, date_id, hour_of_day, time_of_day, visit_datetime) VALUES (304, 1, 3, 117, 0, 'Night', '2025-12-08 00:00:00');
INSERT INTO fact_visits (visit_id, user_id, website_id, date_id, hour_of_day, time_of_day, visit_datetime) VALUES (305, 1, 2, 136, 4, 'Night', '2025-12-28 04:32:20');
INSERT INTO fact_visits (visit_id, user_id, website_id, date_id, hour_of_day, time_of_day, visit_datetime) VALUES (306, 3, 5, 97, 12, 'Afternoon', '2025-11-17 12:21:00');
INSERT INTO fact_visits (visit_id, user_id, website_id, date_id, hour_of_day, time_of_day, visit_datetime) VALUES (307, 3, 16, 85, 1, 'Night', '2025-11-05 01:15:00');
INSERT INTO fact_visits (visit_id, user_id, website_id, date_id, hour_of_day, time_of_day, visit_datetime) VALUES (308, 4, 15, 154, 19, 'Evening', '2026-01-16 19:49:00');
INSERT INTO fact_visits (visit_id, user_id, website_id, date_id, hour_of_day, time_of_day, visit_datetime) VALUES (309, 1, 12, 151, 9, 'Morning', '2026-01-13 09:16:22');
INSERT INTO fact_visits (visit_id, user_id, website_id, date_id, hour_of_day, time_of_day, visit_datetime) VALUES (310, 1, 18, 159, 5, 'Morning', '2026-01-22 05:31:00');
INSERT INTO fact_visits (visit_id, user_id, website_id, date_id, hour_of_day, time_of_day, visit_datetime) VALUES (311, 3, 2, 148, 4, 'Night', '2026-01-10 04:10:00');
INSERT INTO fact_visits (visit_id, user_id, website_id, date_id, hour_of_day, time_of_day, visit_datetime) VALUES (312, 4, 9, 146, 6, 'Morning', '2026-01-07 06:17:00');
INSERT INTO fact_visits (visit_id, user_id, website_id, date_id, hour_of_day, time_of_day, visit_datetime) VALUES (313, 3, 15, 37, 12, 'Afternoon', '2025-09-18 12:20:00');
INSERT INTO fact_visits (visit_id, user_id, website_id, date_id, hour_of_day, time_of_day, visit_datetime) VALUES (314, 3, 13, 172, 17, 'Evening', '2026-08-01 17:45:00');
INSERT INTO fact_visits (visit_id, user_id, website_id, date_id, hour_of_day, time_of_day, visit_datetime) VALUES (315, 2, 14, 57, 8, 'Morning', '2025-10-08 08:07:00');
INSERT INTO fact_visits (visit_id, user_id, website_id, date_id, hour_of_day, time_of_day, visit_datetime) VALUES (316, 5, 16, 118, 23, 'Night', '2025-12-10 23:00:00');
INSERT INTO fact_visits (visit_id, user_id, website_id, date_id, hour_of_day, time_of_day, visit_datetime) VALUES (317, 4, 20, 95, 9, 'Morning', '2025-11-15 09:59:00');
INSERT INTO fact_visits (visit_id, user_id, website_id, date_id, hour_of_day, time_of_day, visit_datetime) VALUES (318, 2, 5, 90, 23, 'Night', '2025-11-10 23:50:00');
INSERT INTO fact_visits (visit_id, user_id, website_id, date_id, hour_of_day, time_of_day, visit_datetime) VALUES (319, 3, 7, 156, 4, 'Night', '2026-01-18 04:50:54');
INSERT INTO fact_visits (visit_id, user_id, website_id, date_id, hour_of_day, time_of_day, visit_datetime) VALUES (320, 2, 15, 31, 5, 'Morning', '2025-09-12 05:57:03');
INSERT INTO fact_visits (visit_id, user_id, website_id, date_id, hour_of_day, time_of_day, visit_datetime) VALUES (321, 5, 5, 1, 1, 'Night', '2025-01-09 01:53:00');
INSERT INTO fact_visits (visit_id, user_id, website_id, date_id, hour_of_day, time_of_day, visit_datetime) VALUES (322, 3, 11, 101, 3, 'Night', '2025-11-21 03:29:06');
INSERT INTO fact_visits (visit_id, user_id, website_id, date_id, hour_of_day, time_of_day, visit_datetime) VALUES (323, 5, 10, 136, 1, 'Night', '2025-12-28 01:09:00');
INSERT INTO fact_visits (visit_id, user_id, website_id, date_id, hour_of_day, time_of_day, visit_datetime) VALUES (324, 2, 8, 61, 19, 'Evening', '2025-10-12 19:26:05');
INSERT INTO fact_visits (visit_id, user_id, website_id, date_id, hour_of_day, time_of_day, visit_datetime) VALUES (325, 1, 18, 72, 6, 'Morning', '2025-10-23 06:01:00');
INSERT INTO fact_visits (visit_id, user_id, website_id, date_id, hour_of_day, time_of_day, visit_datetime) VALUES (326, 5, 20, 53, 19, 'Evening', '2025-10-04 19:50:35');
INSERT INTO fact_visits (visit_id, user_id, website_id, date_id, hour_of_day, time_of_day, visit_datetime) VALUES (327, 5, 2, 150, 7, 'Morning', '2026-01-12 07:37:48');
INSERT INTO fact_visits (visit_id, user_id, website_id, date_id, hour_of_day, time_of_day, visit_datetime) VALUES (328, 3, 6, 165, 7, 'Morning', '2026-01-28 07:35:00');
INSERT INTO fact_visits (visit_id, user_id, website_id, date_id, hour_of_day, time_of_day, visit_datetime) VALUES (329, 5, 14, 113, 18, 'Evening', '2025-12-03 18:37:00');
INSERT INTO fact_visits (visit_id, user_id, website_id, date_id, hour_of_day, time_of_day, visit_datetime) VALUES (330, 4, 15, 106, 13, 'Afternoon', '2025-11-26 13:28:00');
INSERT INTO fact_visits (visit_id, user_id, website_id, date_id, hour_of_day, time_of_day, visit_datetime) VALUES (331, 2, 8, 11, 12, 'Afternoon', '2025-05-10 12:10:00');
INSERT INTO fact_visits (visit_id, user_id, website_id, date_id, hour_of_day, time_of_day, visit_datetime) VALUES (332, 5, 8, 116, 21, 'Night', '2025-12-07 21:48:04');
INSERT INTO fact_visits (visit_id, user_id, website_id, date_id, hour_of_day, time_of_day, visit_datetime) VALUES (333, 5, 17, 102, 3, 'Night', '2025-11-22 03:21:27');
INSERT INTO fact_visits (visit_id, user_id, website_id, date_id, hour_of_day, time_of_day, visit_datetime) VALUES (334, 3, 12, 104, 6, 'Morning', '2025-11-24 06:09:00');
INSERT INTO fact_visits (visit_id, user_id, website_id, date_id, hour_of_day, time_of_day, visit_datetime) VALUES (335, 2, 13, 161, 0, 'Night', '2026-01-24 00:00:00');
INSERT INTO fact_visits (visit_id, user_id, website_id, date_id, hour_of_day, time_of_day, visit_datetime) VALUES (336, 2, 15, 32, 1, 'Night', '2025-09-13 01:31:00');
INSERT INTO fact_visits (visit_id, user_id, website_id, date_id, hour_of_day, time_of_day, visit_datetime) VALUES (337, 1, 5, 26, 23, 'Night', '2025-09-07 23:54:00');
INSERT INTO fact_visits (visit_id, user_id, website_id, date_id, hour_of_day, time_of_day, visit_datetime) VALUES (338, 2, 13, 9, 0, 'Night', '2025-04-11 00:28:00');
INSERT INTO fact_visits (visit_id, user_id, website_id, date_id, hour_of_day, time_of_day, visit_datetime) VALUES (339, 5, 10, 75, 17, 'Evening', '2025-10-26 17:56:00');
INSERT INTO fact_visits (visit_id, user_id, website_id, date_id, hour_of_day, time_of_day, visit_datetime) VALUES (340, 1, 20, 31, 13, 'Afternoon', '2025-09-12 13:33:03');
INSERT INTO fact_visits (visit_id, user_id, website_id, date_id, hour_of_day, time_of_day, visit_datetime) VALUES (341, 2, 4, 161, 2, 'Night', '2026-01-24 02:44:51');
INSERT INTO fact_visits (visit_id, user_id, website_id, date_id, hour_of_day, time_of_day, visit_datetime) VALUES (342, 5, 18, 24, 3, 'Night', '2025-09-05 03:30:00');
INSERT INTO fact_visits (visit_id, user_id, website_id, date_id, hour_of_day, time_of_day, visit_datetime) VALUES (343, 3, 6, 163, 5, 'Morning', '2026-01-26 05:29:12');
INSERT INTO fact_visits (visit_id, user_id, website_id, date_id, hour_of_day, time_of_day, visit_datetime) VALUES (344, 4, 8, 79, 1, 'Night', '2025-10-30 01:19:00');
INSERT INTO fact_visits (visit_id, user_id, website_id, date_id, hour_of_day, time_of_day, visit_datetime) VALUES (345, 1, 20, 48, 6, 'Morning', '2025-09-29 06:11:00');
INSERT INTO fact_visits (visit_id, user_id, website_id, date_id, hour_of_day, time_of_day, visit_datetime) VALUES (346, 2, 5, 44, 17, 'Evening', '2025-09-25 17:12:00');
INSERT INTO fact_visits (visit_id, user_id, website_id, date_id, hour_of_day, time_of_day, visit_datetime) VALUES (347, 1, 12, 35, 12, 'Afternoon', '2025-09-16 12:37:00');
INSERT INTO fact_visits (visit_id, user_id, website_id, date_id, hour_of_day, time_of_day, visit_datetime) VALUES (348, 1, 6, 152, 9, 'Morning', '2026-01-14 09:09:00');
INSERT INTO fact_visits (visit_id, user_id, website_id, date_id, hour_of_day, time_of_day, visit_datetime) VALUES (349, 3, 12, 72, 3, 'Night', '2025-10-23 03:41:00');
INSERT INTO fact_visits (visit_id, user_id, website_id, date_id, hour_of_day, time_of_day, visit_datetime) VALUES (350, 1, 7, 16, 21, 'Night', '2025-07-11 21:11:04');
INSERT INTO fact_visits (visit_id, user_id, website_id, date_id, hour_of_day, time_of_day, visit_datetime) VALUES (351, 3, 16, 66, 23, 'Night', '2025-10-17 23:30:00');
INSERT INTO fact_visits (visit_id, user_id, website_id, date_id, hour_of_day, time_of_day, visit_datetime) VALUES (352, 4, 1, 27, 7, 'Morning', '2025-09-08 07:54:00');
INSERT INTO fact_visits (visit_id, user_id, website_id, date_id, hour_of_day, time_of_day, visit_datetime) VALUES (353, 2, 10, 28, 22, 'Night', '2025-09-09 22:06:34');
INSERT INTO fact_visits (visit_id, user_id, website_id, date_id, hour_of_day, time_of_day, visit_datetime) VALUES (354, 4, 14, 55, 8, 'Morning', '2025-10-06 08:00:00');
INSERT INTO fact_visits (visit_id, user_id, website_id, date_id, hour_of_day, time_of_day, visit_datetime) VALUES (355, 5, 20, 65, 12, 'Afternoon', '2025-10-16 12:52:25');
INSERT INTO fact_visits (visit_id, user_id, website_id, date_id, hour_of_day, time_of_day, visit_datetime) VALUES (356, 5, 19, 5, 7, 'Morning', '2025-03-10 07:11:00');
INSERT INTO fact_visits (visit_id, user_id, website_id, date_id, hour_of_day, time_of_day, visit_datetime) VALUES (357, 3, 15, 108, 5, 'Morning', '2025-11-28 05:56:00');
INSERT INTO fact_visits (visit_id, user_id, website_id, date_id, hour_of_day, time_of_day, visit_datetime) VALUES (358, 3, 3, 19, 12, 'Afternoon', '2025-08-12 12:21:40');
INSERT INTO fact_visits (visit_id, user_id, website_id, date_id, hour_of_day, time_of_day, visit_datetime) VALUES (359, 3, 15, 121, 5, 'Morning', '2025-12-13 05:43:00');
INSERT INTO fact_visits (visit_id, user_id, website_id, date_id, hour_of_day, time_of_day, visit_datetime) VALUES (360, 1, 14, 164, 10, 'Morning', '2026-01-27 10:45:00');
INSERT INTO fact_visits (visit_id, user_id, website_id, date_id, hour_of_day, time_of_day, visit_datetime) VALUES (361, 1, 16, 159, 0, 'Night', '2026-01-22 00:53:17');
INSERT INTO fact_visits (visit_id, user_id, website_id, date_id, hour_of_day, time_of_day, visit_datetime) VALUES (362, 2, 7, 152, 7, 'Morning', '2026-01-14 07:57:05');
INSERT INTO fact_visits (visit_id, user_id, website_id, date_id, hour_of_day, time_of_day, visit_datetime) VALUES (363, 4, 14, 50, 1, 'Night', '2025-10-01 01:01:23');
INSERT INTO fact_visits (visit_id, user_id, website_id, date_id, hour_of_day, time_of_day, visit_datetime) VALUES (364, 5, 13, 6, 19, 'Evening', '2025-03-11 19:13:00');
INSERT INTO fact_visits (visit_id, user_id, website_id, date_id, hour_of_day, time_of_day, visit_datetime) VALUES (365, 3, 4, 47, 4, 'Night', '2025-09-28 04:27:00');
INSERT INTO fact_visits (visit_id, user_id, website_id, date_id, hour_of_day, time_of_day, visit_datetime) VALUES (366, 4, 3, 111, 21, 'Night', '2025-12-01 21:33:00');
INSERT INTO fact_visits (visit_id, user_id, website_id, date_id, hour_of_day, time_of_day, visit_datetime) VALUES (367, 2, 18, 64, 12, 'Afternoon', '2025-10-15 12:11:04');
INSERT INTO fact_visits (visit_id, user_id, website_id, date_id, hour_of_day, time_of_day, visit_datetime) VALUES (368, 5, 7, 119, 1, 'Night', '2025-12-11 01:02:00');
INSERT INTO fact_visits (visit_id, user_id, website_id, date_id, hour_of_day, time_of_day, visit_datetime) VALUES (369, 4, 12, 84, 5, 'Morning', '2025-11-04 05:52:37');
INSERT INTO fact_visits (visit_id, user_id, website_id, date_id, hour_of_day, time_of_day, visit_datetime) VALUES (370, 1, 20, 116, 13, 'Afternoon', '2025-12-07 13:21:40');
INSERT INTO fact_visits (visit_id, user_id, website_id, date_id, hour_of_day, time_of_day, visit_datetime) VALUES (371, 4, 11, 148, 23, 'Night', '2026-01-10 23:41:21');
INSERT INTO fact_visits (visit_id, user_id, website_id, date_id, hour_of_day, time_of_day, visit_datetime) VALUES (372, 3, 13, 70, 19, 'Evening', '2025-10-21 19:12:00');
INSERT INTO fact_visits (visit_id, user_id, website_id, date_id, hour_of_day, time_of_day, visit_datetime) VALUES (373, 5, 16, 64, 8, 'Morning', '2025-10-15 08:30:00');
INSERT INTO fact_visits (visit_id, user_id, website_id, date_id, hour_of_day, time_of_day, visit_datetime) VALUES (374, 3, 16, 59, 7, 'Morning', '2025-10-10 07:00:45');
INSERT INTO fact_visits (visit_id, user_id, website_id, date_id, hour_of_day, time_of_day, visit_datetime) VALUES (375, 4, 15, 149, 22, 'Night', '2026-01-11 22:32:01');
INSERT INTO fact_visits (visit_id, user_id, website_id, date_id, hour_of_day, time_of_day, visit_datetime) VALUES (376, 1, 17, 105, 8, 'Morning', '2025-11-25 08:28:00');
INSERT INTO fact_visits (visit_id, user_id, website_id, date_id, hour_of_day, time_of_day, visit_datetime) VALUES (377, 2, 11, 159, 22, 'Night', '2026-01-22 22:23:00');
INSERT INTO fact_visits (visit_id, user_id, website_id, date_id, hour_of_day, time_of_day, visit_datetime) VALUES (378, 5, 13, 47, 13, 'Afternoon', '2025-09-28 13:11:01');
INSERT INTO fact_visits (visit_id, user_id, website_id, date_id, hour_of_day, time_of_day, visit_datetime) VALUES (379, 2, 18, 91, 23, 'Night', '2025-11-11 23:36:00');
INSERT INTO fact_visits (visit_id, user_id, website_id, date_id, hour_of_day, time_of_day, visit_datetime) VALUES (380, 2, 14, 71, 21, 'Night', '2025-10-22 21:54:32');
INSERT INTO fact_visits (visit_id, user_id, website_id, date_id, hour_of_day, time_of_day, visit_datetime) VALUES (381, 3, 5, 119, 3, 'Night', '2025-12-11 03:41:32');
INSERT INTO fact_visits (visit_id, user_id, website_id, date_id, hour_of_day, time_of_day, visit_datetime) VALUES (382, 1, 20, 113, 4, 'Night', '2025-12-03 04:44:00');
INSERT INTO fact_visits (visit_id, user_id, website_id, date_id, hour_of_day, time_of_day, visit_datetime) VALUES (383, 3, 19, 144, 22, 'Night', '2026-01-05 22:09:38');
INSERT INTO fact_visits (visit_id, user_id, website_id, date_id, hour_of_day, time_of_day, visit_datetime) VALUES (384, 4, 2, 62, 19, 'Evening', '2025-10-13 19:47:00');
INSERT INTO fact_visits (visit_id, user_id, website_id, date_id, hour_of_day, time_of_day, visit_datetime) VALUES (385, 1, 2, 88, 9, 'Morning', '2025-11-08 09:56:00');
INSERT INTO fact_visits (visit_id, user_id, website_id, date_id, hour_of_day, time_of_day, visit_datetime) VALUES (386, 4, 9, 98, 7, 'Morning', '2025-11-18 07:24:00');
INSERT INTO fact_visits (visit_id, user_id, website_id, date_id, hour_of_day, time_of_day, visit_datetime) VALUES (387, 3, 10, 38, 3, 'Night', '2025-09-19 03:44:00');
INSERT INTO fact_visits (visit_id, user_id, website_id, date_id, hour_of_day, time_of_day, visit_datetime) VALUES (388, 3, 15, 140, 21, 'Night', '2026-01-01 21:34:10');
INSERT INTO fact_visits (visit_id, user_id, website_id, date_id, hour_of_day, time_of_day, visit_datetime) VALUES (389, 5, 11, 36, 1, 'Night', '2025-09-17 01:16:00');
INSERT INTO fact_visits (visit_id, user_id, website_id, date_id, hour_of_day, time_of_day, visit_datetime) VALUES (390, 5, 7, 162, 11, 'Morning', '2026-01-25 11:58:00');
INSERT INTO fact_visits (visit_id, user_id, website_id, date_id, hour_of_day, time_of_day, visit_datetime) VALUES (391, 5, 13, 78, 2, 'Night', '2025-10-29 02:43:00');
INSERT INTO fact_visits (visit_id, user_id, website_id, date_id, hour_of_day, time_of_day, visit_datetime) VALUES (392, 1, 1, 135, 10, 'Morning', '2025-12-27 10:09:39');
INSERT INTO fact_visits (visit_id, user_id, website_id, date_id, hour_of_day, time_of_day, visit_datetime) VALUES (393, 2, 9, 131, 19, 'Evening', '2025-12-23 19:02:08');
INSERT INTO fact_visits (visit_id, user_id, website_id, date_id, hour_of_day, time_of_day, visit_datetime) VALUES (394, 3, 3, 60, 19, 'Evening', '2025-10-11 19:01:00');
INSERT INTO fact_visits (visit_id, user_id, website_id, date_id, hour_of_day, time_of_day, visit_datetime) VALUES (395, 2, 1, 133, 6, 'Morning', '2025-12-25 06:41:00');
INSERT INTO fact_visits (visit_id, user_id, website_id, date_id, hour_of_day, time_of_day, visit_datetime) VALUES (396, 2, 7, 29, 17, 'Evening', '2025-09-10 17:23:00');
INSERT INTO fact_visits (visit_id, user_id, website_id, date_id, hour_of_day, time_of_day, visit_datetime) VALUES (397, 3, 7, 141, 6, 'Morning', '2026-01-02 06:34:16');
INSERT INTO fact_visits (visit_id, user_id, website_id, date_id, hour_of_day, time_of_day, visit_datetime) VALUES (398, 2, 17, 7, 18, 'Evening', '2025-03-12 18:41:00');
INSERT INTO fact_visits (visit_id, user_id, website_id, date_id, hour_of_day, time_of_day, visit_datetime) VALUES (399, 4, 16, 94, 6, 'Morning', '2025-11-14 06:34:00');
INSERT INTO fact_visits (visit_id, user_id, website_id, date_id, hour_of_day, time_of_day, visit_datetime) VALUES (400, 1, 1, 122, 10, 'Morning', '2025-12-14 10:39:00');
INSERT INTO fact_visits (visit_id, user_id, website_id, date_id, hour_of_day, time_of_day, visit_datetime) VALUES (401, 2, 6, 98, 15, 'Afternoon', '2025-11-18 15:35:00');
INSERT INTO fact_visits (visit_id, user_id, website_id, date_id, hour_of_day, time_of_day, visit_datetime) VALUES (402, 1, 14, 72, 5, 'Morning', '2025-10-23 05:59:00');
INSERT INTO fact_visits (visit_id, user_id, website_id, date_id, hour_of_day, time_of_day, visit_datetime) VALUES (403, 1, 17, 22, 16, 'Afternoon', '2025-09-03 16:00:00');
INSERT INTO fact_visits (visit_id, user_id, website_id, date_id, hour_of_day, time_of_day, visit_datetime) VALUES (404, 5, 6, 67, 5, 'Morning', '2025-10-18 05:56:00');
INSERT INTO fact_visits (visit_id, user_id, website_id, date_id, hour_of_day, time_of_day, visit_datetime) VALUES (405, 5, 16, 94, 7, 'Morning', '2025-11-14 07:38:00');
INSERT INTO fact_visits (visit_id, user_id, website_id, date_id, hour_of_day, time_of_day, visit_datetime) VALUES (406, 3, 1, 140, 0, 'Night', '2026-01-01 00:00:00');
INSERT INTO fact_visits (visit_id, user_id, website_id, date_id, hour_of_day, time_of_day, visit_datetime) VALUES (407, 3, 10, 84, 18, 'Evening', '2025-11-04 18:15:55');
INSERT INTO fact_visits (visit_id, user_id, website_id, date_id, hour_of_day, time_of_day, visit_datetime) VALUES (408, 5, 5, 77, 5, 'Morning', '2025-10-28 05:28:10');
INSERT INTO fact_visits (visit_id, user_id, website_id, date_id, hour_of_day, time_of_day, visit_datetime) VALUES (409, 5, 12, 111, 16, 'Afternoon', '2025-12-01 16:42:00');
INSERT INTO fact_visits (visit_id, user_id, website_id, date_id, hour_of_day, time_of_day, visit_datetime) VALUES (410, 4, 10, 21, 11, 'Morning', '2025-09-02 11:49:00');
INSERT INTO fact_visits (visit_id, user_id, website_id, date_id, hour_of_day, time_of_day, visit_datetime) VALUES (411, 5, 1, 44, 17, 'Evening', '2025-09-25 17:28:49');
INSERT INTO fact_visits (visit_id, user_id, website_id, date_id, hour_of_day, time_of_day, visit_datetime) VALUES (412, 2, 20, 73, 18, 'Evening', '2025-10-24 18:22:38');
INSERT INTO fact_visits (visit_id, user_id, website_id, date_id, hour_of_day, time_of_day, visit_datetime) VALUES (413, 4, 7, 114, 12, 'Afternoon', '2025-12-04 12:40:00');
INSERT INTO fact_visits (visit_id, user_id, website_id, date_id, hour_of_day, time_of_day, visit_datetime) VALUES (414, 1, 13, 73, 15, 'Afternoon', '2025-10-24 15:24:00');
INSERT INTO fact_visits (visit_id, user_id, website_id, date_id, hour_of_day, time_of_day, visit_datetime) VALUES (415, 3, 16, 60, 4, 'Night', '2025-10-11 04:28:00');
INSERT INTO fact_visits (visit_id, user_id, website_id, date_id, hour_of_day, time_of_day, visit_datetime) VALUES (416, 3, 17, 152, 16, 'Afternoon', '2026-01-14 16:03:56');
INSERT INTO fact_visits (visit_id, user_id, website_id, date_id, hour_of_day, time_of_day, visit_datetime) VALUES (417, 4, 18, 132, 0, 'Night', '2025-12-24 00:00:00');
INSERT INTO fact_visits (visit_id, user_id, website_id, date_id, hour_of_day, time_of_day, visit_datetime) VALUES (418, 4, 19, 77, 7, 'Morning', '2025-10-28 07:41:00');
INSERT INTO fact_visits (visit_id, user_id, website_id, date_id, hour_of_day, time_of_day, visit_datetime) VALUES (419, 4, 13, 111, 16, 'Afternoon', '2025-12-01 16:42:00');
INSERT INTO fact_visits (visit_id, user_id, website_id, date_id, hour_of_day, time_of_day, visit_datetime) VALUES (420, 2, 18, 43, 17, 'Evening', '2025-09-24 17:18:19');
INSERT INTO fact_visits (visit_id, user_id, website_id, date_id, hour_of_day, time_of_day, visit_datetime) VALUES (421, 3, 13, 147, 7, 'Morning', '2026-01-09 07:56:00');
INSERT INTO fact_visits (visit_id, user_id, website_id, date_id, hour_of_day, time_of_day, visit_datetime) VALUES (422, 4, 20, 15, 20, 'Evening', '2025-07-10 20:41:00');
INSERT INTO fact_visits (visit_id, user_id, website_id, date_id, hour_of_day, time_of_day, visit_datetime) VALUES (423, 1, 2, 155, 17, 'Evening', '2026-01-17 17:16:00');
INSERT INTO fact_visits (visit_id, user_id, website_id, date_id, hour_of_day, time_of_day, visit_datetime) VALUES (424, 4, 8, 73, 21, 'Night', '2025-10-24 21:05:36');
INSERT INTO fact_visits (visit_id, user_id, website_id, date_id, hour_of_day, time_of_day, visit_datetime) VALUES (425, 5, 19, 48, 23, 'Night', '2025-09-29 23:24:16');
INSERT INTO fact_visits (visit_id, user_id, website_id, date_id, hour_of_day, time_of_day, visit_datetime) VALUES (426, 3, 1, 34, 13, 'Afternoon', '2025-09-15 13:45:00');
INSERT INTO fact_visits (visit_id, user_id, website_id, date_id, hour_of_day, time_of_day, visit_datetime) VALUES (427, 5, 13, 123, 11, 'Morning', '2025-12-15 11:27:00');
INSERT INTO fact_visits (visit_id, user_id, website_id, date_id, hour_of_day, time_of_day, visit_datetime) VALUES (428, 5, 3, 132, 9, 'Morning', '2025-12-24 09:09:00');
INSERT INTO fact_visits (visit_id, user_id, website_id, date_id, hour_of_day, time_of_day, visit_datetime) VALUES (429, 1, 9, 165, 18, 'Evening', '2026-01-28 18:10:00');
INSERT INTO fact_visits (visit_id, user_id, website_id, date_id, hour_of_day, time_of_day, visit_datetime) VALUES (430, 2, 14, 13, 20, 'Evening', '2025-06-11 20:49:00');
INSERT INTO fact_visits (visit_id, user_id, website_id, date_id, hour_of_day, time_of_day, visit_datetime) VALUES (431, 4, 13, 41, 20, 'Evening', '2025-09-22 20:25:00');
INSERT INTO fact_visits (visit_id, user_id, website_id, date_id, hour_of_day, time_of_day, visit_datetime) VALUES (432, 2, 19, 52, 17, 'Evening', '2025-10-03 17:55:00');
INSERT INTO fact_visits (visit_id, user_id, website_id, date_id, hour_of_day, time_of_day, visit_datetime) VALUES (433, 2, 11, 41, 8, 'Morning', '2025-09-22 08:17:38');
INSERT INTO fact_visits (visit_id, user_id, website_id, date_id, hour_of_day, time_of_day, visit_datetime) VALUES (434, 5, 20, 140, 12, 'Afternoon', '2026-01-01 12:49:00');
INSERT INTO fact_visits (visit_id, user_id, website_id, date_id, hour_of_day, time_of_day, visit_datetime) VALUES (435, 4, 4, 56, 8, 'Morning', '2025-10-07 08:11:00');
INSERT INTO fact_visits (visit_id, user_id, website_id, date_id, hour_of_day, time_of_day, visit_datetime) VALUES (436, 1, 17, 153, 20, 'Evening', '2026-01-15 20:09:44');
INSERT INTO fact_visits (visit_id, user_id, website_id, date_id, hour_of_day, time_of_day, visit_datetime) VALUES (437, 3, 7, 45, 21, 'Night', '2025-09-26 21:24:00');
INSERT INTO fact_visits (visit_id, user_id, website_id, date_id, hour_of_day, time_of_day, visit_datetime) VALUES (438, 1, 18, 122, 13, 'Afternoon', '2025-12-14 13:57:18');
INSERT INTO fact_visits (visit_id, user_id, website_id, date_id, hour_of_day, time_of_day, visit_datetime) VALUES (439, 3, 12, 155, 8, 'Morning', '2026-01-17 08:01:50');
INSERT INTO fact_visits (visit_id, user_id, website_id, date_id, hour_of_day, time_of_day, visit_datetime) VALUES (440, 2, 8, 167, 6, 'Morning', '2026-01-30 06:54:21');
INSERT INTO fact_visits (visit_id, user_id, website_id, date_id, hour_of_day, time_of_day, visit_datetime) VALUES (441, 4, 11, 163, 0, 'Night', '2026-01-26 00:50:09');
INSERT INTO fact_visits (visit_id, user_id, website_id, date_id, hour_of_day, time_of_day, visit_datetime) VALUES (442, 4, 3, 97, 6, 'Morning', '2025-11-17 06:58:23');
INSERT INTO fact_visits (visit_id, user_id, website_id, date_id, hour_of_day, time_of_day, visit_datetime) VALUES (443, 1, 15, 26, 6, 'Morning', '2025-09-07 06:12:00');
INSERT INTO fact_visits (visit_id, user_id, website_id, date_id, hour_of_day, time_of_day, visit_datetime) VALUES (444, 2, 6, 163, 17, 'Evening', '2026-01-26 17:28:00');
INSERT INTO fact_visits (visit_id, user_id, website_id, date_id, hour_of_day, time_of_day, visit_datetime) VALUES (445, 5, 10, 3, 18, 'Evening', '2025-01-11 18:48:00');
INSERT INTO fact_visits (visit_id, user_id, website_id, date_id, hour_of_day, time_of_day, visit_datetime) VALUES (446, 4, 9, 46, 8, 'Morning', '2025-09-27 08:10:26');
INSERT INTO fact_visits (visit_id, user_id, website_id, date_id, hour_of_day, time_of_day, visit_datetime) VALUES (447, 1, 1, 95, 10, 'Morning', '2025-11-15 10:22:00');
INSERT INTO fact_visits (visit_id, user_id, website_id, date_id, hour_of_day, time_of_day, visit_datetime) VALUES (448, 1, 13, 116, 5, 'Morning', '2025-12-07 05:51:49');
INSERT INTO fact_visits (visit_id, user_id, website_id, date_id, hour_of_day, time_of_day, visit_datetime) VALUES (449, 4, 13, 108, 10, 'Morning', '2025-11-28 10:23:00');
INSERT INTO fact_visits (visit_id, user_id, website_id, date_id, hour_of_day, time_of_day, visit_datetime) VALUES (450, 1, 17, 149, 0, 'Night', '2026-01-11 00:00:00');
INSERT INTO fact_visits (visit_id, user_id, website_id, date_id, hour_of_day, time_of_day, visit_datetime) VALUES (451, 5, 6, 164, 19, 'Evening', '2026-01-27 19:08:00');
INSERT INTO fact_visits (visit_id, user_id, website_id, date_id, hour_of_day, time_of_day, visit_datetime) VALUES (452, 1, 6, 139, 20, 'Evening', '2025-12-31 20:10:00');
INSERT INTO fact_visits (visit_id, user_id, website_id, date_id, hour_of_day, time_of_day, visit_datetime) VALUES (453, 3, 20, 73, 1, 'Night', '2025-10-24 01:16:00');
INSERT INTO fact_visits (visit_id, user_id, website_id, date_id, hour_of_day, time_of_day, visit_datetime) VALUES (454, 2, 3, 23, 20, 'Evening', '2025-09-04 20:26:00');
INSERT INTO fact_visits (visit_id, user_id, website_id, date_id, hour_of_day, time_of_day, visit_datetime) VALUES (455, 5, 12, 123, 0, 'Night', '2025-12-15 00:09:00');
INSERT INTO fact_visits (visit_id, user_id, website_id, date_id, hour_of_day, time_of_day, visit_datetime) VALUES (456, 3, 6, 70, 23, 'Night', '2025-10-21 23:06:00');
INSERT INTO fact_visits (visit_id, user_id, website_id, date_id, hour_of_day, time_of_day, visit_datetime) VALUES (457, 3, 4, 105, 9, 'Morning', '2025-11-25 09:20:00');
INSERT INTO fact_visits (visit_id, user_id, website_id, date_id, hour_of_day, time_of_day, visit_datetime) VALUES (458, 3, 6, 40, 0, 'Night', '2025-09-21 00:57:00');
INSERT INTO fact_visits (visit_id, user_id, website_id, date_id, hour_of_day, time_of_day, visit_datetime) VALUES (459, 4, 13, 79, 3, 'Night', '2025-10-30 03:57:49');
INSERT INTO fact_visits (visit_id, user_id, website_id, date_id, hour_of_day, time_of_day, visit_datetime) VALUES (460, 4, 20, 139, 19, 'Evening', '2025-12-31 19:02:00');
INSERT INTO fact_visits (visit_id, user_id, website_id, date_id, hour_of_day, time_of_day, visit_datetime) VALUES (461, 4, 1, 102, 4, 'Night', '2025-11-22 04:30:00');
INSERT INTO fact_visits (visit_id, user_id, website_id, date_id, hour_of_day, time_of_day, visit_datetime) VALUES (462, 4, 6, 31, 23, 'Night', '2025-09-12 23:48:00');
INSERT INTO fact_visits (visit_id, user_id, website_id, date_id, hour_of_day, time_of_day, visit_datetime) VALUES (463, 3, 9, 118, 2, 'Night', '2025-12-10 02:55:00');
INSERT INTO fact_visits (visit_id, user_id, website_id, date_id, hour_of_day, time_of_day, visit_datetime) VALUES (464, 5, 19, 60, 21, 'Night', '2025-10-11 21:09:00');
INSERT INTO fact_visits (visit_id, user_id, website_id, date_id, hour_of_day, time_of_day, visit_datetime) VALUES (465, 2, 7, 65, 10, 'Morning', '2025-10-16 10:31:00');
INSERT INTO fact_visits (visit_id, user_id, website_id, date_id, hour_of_day, time_of_day, visit_datetime) VALUES (466, 5, 3, 103, 9, 'Morning', '2025-11-23 09:05:00');
INSERT INTO fact_visits (visit_id, user_id, website_id, date_id, hour_of_day, time_of_day, visit_datetime) VALUES (467, 1, 6, 87, 23, 'Night', '2025-11-07 23:38:58');
INSERT INTO fact_visits (visit_id, user_id, website_id, date_id, hour_of_day, time_of_day, visit_datetime) VALUES (468, 3, 10, 175, 22, 'Night', '2026-12-01 22:28:00');
INSERT INTO fact_visits (visit_id, user_id, website_id, date_id, hour_of_day, time_of_day, visit_datetime) VALUES (469, 3, 9, 131, 4, 'Night', '2025-12-23 04:59:00');
INSERT INTO fact_visits (visit_id, user_id, website_id, date_id, hour_of_day, time_of_day, visit_datetime) VALUES (470, 4, 4, 170, 10, 'Morning', '2026-05-01 10:29:00');
INSERT INTO fact_visits (visit_id, user_id, website_id, date_id, hour_of_day, time_of_day, visit_datetime) VALUES (471, 3, 2, 168, 0, 'Night', '2026-02-01 00:00:00');
INSERT INTO fact_visits (visit_id, user_id, website_id, date_id, hour_of_day, time_of_day, visit_datetime) VALUES (472, 1, 15, 149, 2, 'Night', '2026-01-11 02:37:00');
INSERT INTO fact_visits (visit_id, user_id, website_id, date_id, hour_of_day, time_of_day, visit_datetime) VALUES (473, 4, 2, 151, 17, 'Evening', '2026-01-13 17:55:00');
INSERT INTO fact_visits (visit_id, user_id, website_id, date_id, hour_of_day, time_of_day, visit_datetime) VALUES (474, 3, 8, 162, 10, 'Morning', '2026-01-25 10:36:00');
INSERT INTO fact_visits (visit_id, user_id, website_id, date_id, hour_of_day, time_of_day, visit_datetime) VALUES (475, 3, 12, 137, 13, 'Afternoon', '2025-12-29 13:08:50');
INSERT INTO fact_visits (visit_id, user_id, website_id, date_id, hour_of_day, time_of_day, visit_datetime) VALUES (476, 1, 17, 107, 3, 'Night', '2025-11-27 03:37:44');
INSERT INTO fact_visits (visit_id, user_id, website_id, date_id, hour_of_day, time_of_day, visit_datetime) VALUES (477, 4, 1, 151, 7, 'Morning', '2026-01-13 07:35:00');
INSERT INTO fact_visits (visit_id, user_id, website_id, date_id, hour_of_day, time_of_day, visit_datetime) VALUES (478, 3, 1, 128, 22, 'Night', '2025-12-20 22:04:40');
INSERT INTO fact_visits (visit_id, user_id, website_id, date_id, hour_of_day, time_of_day, visit_datetime) VALUES (479, 5, 6, 64, 6, 'Morning', '2025-10-15 06:21:00');
INSERT INTO fact_visits (visit_id, user_id, website_id, date_id, hour_of_day, time_of_day, visit_datetime) VALUES (480, 2, 10, 21, 19, 'Evening', '2025-09-02 19:11:00');
INSERT INTO fact_visits (visit_id, user_id, website_id, date_id, hour_of_day, time_of_day, visit_datetime) VALUES (481, 4, 7, 140, 12, 'Afternoon', '2026-01-01 12:53:00');
INSERT INTO fact_visits (visit_id, user_id, website_id, date_id, hour_of_day, time_of_day, visit_datetime) VALUES (482, 2, 8, 110, 0, 'Night', '2025-11-30 00:00:00');
INSERT INTO fact_visits (visit_id, user_id, website_id, date_id, hour_of_day, time_of_day, visit_datetime) VALUES (483, 2, 6, 28, 6, 'Morning', '2025-09-09 06:58:45');
INSERT INTO fact_visits (visit_id, user_id, website_id, date_id, hour_of_day, time_of_day, visit_datetime) VALUES (484, 2, 15, 75, 18, 'Evening', '2025-10-26 18:51:59');
INSERT INTO fact_visits (visit_id, user_id, website_id, date_id, hour_of_day, time_of_day, visit_datetime) VALUES (485, 1, 7, 37, 12, 'Afternoon', '2025-09-18 12:16:00');
INSERT INTO fact_visits (visit_id, user_id, website_id, date_id, hour_of_day, time_of_day, visit_datetime) VALUES (486, 4, 3, 108, 0, 'Night', '2025-11-28 00:00:00');
INSERT INTO fact_visits (visit_id, user_id, website_id, date_id, hour_of_day, time_of_day, visit_datetime) VALUES (487, 2, 14, 146, 9, 'Morning', '2026-01-07 09:20:00');
INSERT INTO fact_visits (visit_id, user_id, website_id, date_id, hour_of_day, time_of_day, visit_datetime) VALUES (488, 4, 10, 67, 12, 'Afternoon', '2025-10-18 12:32:00');
INSERT INTO fact_visits (visit_id, user_id, website_id, date_id, hour_of_day, time_of_day, visit_datetime) VALUES (489, 1, 2, 154, 15, 'Afternoon', '2026-01-16 15:24:00');
INSERT INTO fact_visits (visit_id, user_id, website_id, date_id, hour_of_day, time_of_day, visit_datetime) VALUES (490, 3, 6, 32, 9, 'Morning', '2025-09-13 09:17:00');
INSERT INTO fact_visits (visit_id, user_id, website_id, date_id, hour_of_day, time_of_day, visit_datetime) VALUES (491, 3, 13, 141, 3, 'Night', '2026-01-02 03:58:47');
INSERT INTO fact_visits (visit_id, user_id, website_id, date_id, hour_of_day, time_of_day, visit_datetime) VALUES (492, 1, 12, 107, 2, 'Night', '2025-11-27 02:38:03');
INSERT INTO fact_visits (visit_id, user_id, website_id, date_id, hour_of_day, time_of_day, visit_datetime) VALUES (493, 4, 17, 82, 15, 'Afternoon', '2025-11-02 15:25:30');
INSERT INTO fact_visits (visit_id, user_id, website_id, date_id, hour_of_day, time_of_day, visit_datetime) VALUES (494, 1, 16, 28, 3, 'Night', '2025-09-09 03:42:00');
INSERT INTO fact_visits (visit_id, user_id, website_id, date_id, hour_of_day, time_of_day, visit_datetime) VALUES (495, 3, 7, 42, 19, 'Evening', '2025-09-23 19:25:00');
INSERT INTO fact_visits (visit_id, user_id, website_id, date_id, hour_of_day, time_of_day, visit_datetime) VALUES (496, 4, 19, 121, 6, 'Morning', '2025-12-13 06:59:00');
INSERT INTO fact_visits (visit_id, user_id, website_id, date_id, hour_of_day, time_of_day, visit_datetime) VALUES (497, 1, 8, 161, 0, 'Night', '2026-01-24 00:07:00');
INSERT INTO fact_visits (visit_id, user_id, website_id, date_id, hour_of_day, time_of_day, visit_datetime) VALUES (498, 1, 19, 165, 12, 'Afternoon', '2026-01-28 12:41:00');
INSERT INTO fact_visits (visit_id, user_id, website_id, date_id, hour_of_day, time_of_day, visit_datetime) VALUES (499, 4, 4, 139, 0, 'Night', '2025-12-31 00:30:58');
INSERT INTO fact_visits (visit_id, user_id, website_id, date_id, hour_of_day, time_of_day, visit_datetime) VALUES (500, 1, 7, 78, 16, 'Afternoon', '2025-10-29 16:05:00');
INSERT INTO fact_visits (visit_id, user_id, website_id, date_id, hour_of_day, time_of_day, visit_datetime) VALUES (501, 5, 3, 117, 12, 'Afternoon', '2025-12-08 12:15:00');
INSERT INTO fact_visits (visit_id, user_id, website_id, date_id, hour_of_day, time_of_day, visit_datetime) VALUES (502, 1, 12, 37, 17, 'Evening', '2025-09-18 17:57:00');
INSERT INTO fact_visits (visit_id, user_id, website_id, date_id, hour_of_day, time_of_day, visit_datetime) VALUES (503, 2, 17, 43, 15, 'Afternoon', '2025-09-24 15:58:00');
INSERT INTO fact_visits (visit_id, user_id, website_id, date_id, hour_of_day, time_of_day, visit_datetime) VALUES (504, 4, 4, 28, 10, 'Morning', '2025-09-09 10:29:00');
INSERT INTO fact_visits (visit_id, user_id, website_id, date_id, hour_of_day, time_of_day, visit_datetime) VALUES (505, 1, 18, 124, 2, 'Night', '2025-12-16 02:31:00');
INSERT INTO fact_visits (visit_id, user_id, website_id, date_id, hour_of_day, time_of_day, visit_datetime) VALUES (506, 2, 17, 131, 23, 'Night', '2025-12-23 23:19:40');
INSERT INTO fact_visits (visit_id, user_id, website_id, date_id, hour_of_day, time_of_day, visit_datetime) VALUES (507, 4, 14, 79, 10, 'Morning', '2025-10-30 10:35:00');
INSERT INTO fact_visits (visit_id, user_id, website_id, date_id, hour_of_day, time_of_day, visit_datetime) VALUES (508, 2, 20, 42, 17, 'Evening', '2025-09-23 17:18:00');
INSERT INTO fact_visits (visit_id, user_id, website_id, date_id, hour_of_day, time_of_day, visit_datetime) VALUES (509, 2, 17, 50, 15, 'Afternoon', '2025-10-01 15:09:00');
INSERT INTO fact_visits (visit_id, user_id, website_id, date_id, hour_of_day, time_of_day, visit_datetime) VALUES (510, 4, 10, 131, 21, 'Night', '2025-12-23 21:07:00');
INSERT INTO fact_visits (visit_id, user_id, website_id, date_id, hour_of_day, time_of_day, visit_datetime) VALUES (511, 4, 10, 161, 5, 'Morning', '2026-01-24 05:49:00');
INSERT INTO fact_visits (visit_id, user_id, website_id, date_id, hour_of_day, time_of_day, visit_datetime) VALUES (512, 4, 16, 168, 0, 'Night', '2026-02-01 00:00:00');
INSERT INTO fact_visits (visit_id, user_id, website_id, date_id, hour_of_day, time_of_day, visit_datetime) VALUES (513, 2, 6, 142, 0, 'Night', '2026-01-03 00:36:00');
INSERT INTO fact_visits (visit_id, user_id, website_id, date_id, hour_of_day, time_of_day, visit_datetime) VALUES (514, 3, 17, 134, 4, 'Night', '2025-12-26 04:14:00');
INSERT INTO fact_visits (visit_id, user_id, website_id, date_id, hour_of_day, time_of_day, visit_datetime) VALUES (515, 4, 4, 82, 2, 'Night', '2025-11-02 02:08:26');
INSERT INTO fact_visits (visit_id, user_id, website_id, date_id, hour_of_day, time_of_day, visit_datetime) VALUES (516, 2, 6, 148, 11, 'Morning', '2026-01-10 11:41:00');
INSERT INTO fact_visits (visit_id, user_id, website_id, date_id, hour_of_day, time_of_day, visit_datetime) VALUES (517, 5, 2, 72, 2, 'Night', '2025-10-23 02:24:00');
INSERT INTO fact_visits (visit_id, user_id, website_id, date_id, hour_of_day, time_of_day, visit_datetime) VALUES (518, 4, 16, 63, 10, 'Morning', '2025-10-14 10:50:00');
INSERT INTO fact_visits (visit_id, user_id, website_id, date_id, hour_of_day, time_of_day, visit_datetime) VALUES (519, 4, 17, 57, 0, 'Night', '2025-10-08 00:00:00');
INSERT INTO fact_visits (visit_id, user_id, website_id, date_id, hour_of_day, time_of_day, visit_datetime) VALUES (520, 1, 4, 153, 10, 'Morning', '2026-01-15 10:48:00');
INSERT INTO fact_visits (visit_id, user_id, website_id, date_id, hour_of_day, time_of_day, visit_datetime) VALUES (521, 5, 4, 162, 0, 'Night', '2026-01-25 00:37:00');
INSERT INTO fact_visits (visit_id, user_id, website_id, date_id, hour_of_day, time_of_day, visit_datetime) VALUES (522, 4, 12, 144, 23, 'Night', '2026-01-05 23:25:00');
INSERT INTO fact_visits (visit_id, user_id, website_id, date_id, hour_of_day, time_of_day, visit_datetime) VALUES (523, 4, 17, 108, 22, 'Night', '2025-11-28 22:37:58');
INSERT INTO fact_visits (visit_id, user_id, website_id, date_id, hour_of_day, time_of_day, visit_datetime) VALUES (524, 5, 8, 52, 12, 'Afternoon', '2025-10-03 12:57:00');
INSERT INTO fact_visits (visit_id, user_id, website_id, date_id, hour_of_day, time_of_day, visit_datetime) VALUES (525, 1, 15, 44, 12, 'Afternoon', '2025-09-25 12:13:00');
INSERT INTO fact_visits (visit_id, user_id, website_id, date_id, hour_of_day, time_of_day, visit_datetime) VALUES (526, 2, 1, 163, 23, 'Night', '2026-01-26 23:00:00');
INSERT INTO fact_visits (visit_id, user_id, website_id, date_id, hour_of_day, time_of_day, visit_datetime) VALUES (527, 4, 11, 60, 15, 'Afternoon', '2025-10-11 15:53:00');
INSERT INTO fact_visits (visit_id, user_id, website_id, date_id, hour_of_day, time_of_day, visit_datetime) VALUES (528, 5, 15, 71, 19, 'Evening', '2025-10-22 19:24:00');
INSERT INTO fact_visits (visit_id, user_id, website_id, date_id, hour_of_day, time_of_day, visit_datetime) VALUES (529, 2, 9, 162, 14, 'Afternoon', '2026-01-25 14:25:26');
INSERT INTO fact_visits (visit_id, user_id, website_id, date_id, hour_of_day, time_of_day, visit_datetime) VALUES (530, 2, 1, 108, 23, 'Night', '2025-11-28 23:10:00');
INSERT INTO fact_visits (visit_id, user_id, website_id, date_id, hour_of_day, time_of_day, visit_datetime) VALUES (531, 4, 6, 70, 19, 'Evening', '2025-10-21 19:58:03');
INSERT INTO fact_visits (visit_id, user_id, website_id, date_id, hour_of_day, time_of_day, visit_datetime) VALUES (532, 2, 15, 77, 18, 'Evening', '2025-10-28 18:59:00');
INSERT INTO fact_visits (visit_id, user_id, website_id, date_id, hour_of_day, time_of_day, visit_datetime) VALUES (533, 3, 6, 167, 3, 'Night', '2026-01-30 03:42:00');
INSERT INTO fact_visits (visit_id, user_id, website_id, date_id, hour_of_day, time_of_day, visit_datetime) VALUES (534, 2, 13, 28, 12, 'Afternoon', '2025-09-09 12:35:00');
INSERT INTO fact_visits (visit_id, user_id, website_id, date_id, hour_of_day, time_of_day, visit_datetime) VALUES (535, 1, 5, 52, 9, 'Morning', '2025-10-03 09:38:58');
INSERT INTO fact_visits (visit_id, user_id, website_id, date_id, hour_of_day, time_of_day, visit_datetime) VALUES (536, 4, 18, 97, 0, 'Night', '2025-11-17 00:26:00');
INSERT INTO fact_visits (visit_id, user_id, website_id, date_id, hour_of_day, time_of_day, visit_datetime) VALUES (537, 2, 16, 125, 11, 'Morning', '2025-12-17 11:36:34');
INSERT INTO fact_visits (visit_id, user_id, website_id, date_id, hour_of_day, time_of_day, visit_datetime) VALUES (538, 3, 2, 32, 6, 'Morning', '2025-09-13 06:42:00');
INSERT INTO fact_visits (visit_id, user_id, website_id, date_id, hour_of_day, time_of_day, visit_datetime) VALUES (539, 2, 5, 119, 21, 'Night', '2025-12-11 21:36:59');
INSERT INTO fact_visits (visit_id, user_id, website_id, date_id, hour_of_day, time_of_day, visit_datetime) VALUES (540, 5, 18, 63, 23, 'Night', '2025-10-14 23:46:01');
INSERT INTO fact_visits (visit_id, user_id, website_id, date_id, hour_of_day, time_of_day, visit_datetime) VALUES (541, 2, 10, 137, 19, 'Evening', '2025-12-29 19:07:00');
INSERT INTO fact_visits (visit_id, user_id, website_id, date_id, hour_of_day, time_of_day, visit_datetime) VALUES (542, 1, 8, 29, 21, 'Night', '2025-09-10 21:26:59');
INSERT INTO fact_visits (visit_id, user_id, website_id, date_id, hour_of_day, time_of_day, visit_datetime) VALUES (543, 4, 4, 160, 1, 'Night', '2026-01-23 01:32:00');
INSERT INTO fact_visits (visit_id, user_id, website_id, date_id, hour_of_day, time_of_day, visit_datetime) VALUES (544, 3, 7, 52, 7, 'Morning', '2025-10-03 07:18:57');
INSERT INTO fact_visits (visit_id, user_id, website_id, date_id, hour_of_day, time_of_day, visit_datetime) VALUES (545, 5, 14, 38, 12, 'Afternoon', '2025-09-19 12:25:43');
INSERT INTO fact_visits (visit_id, user_id, website_id, date_id, hour_of_day, time_of_day, visit_datetime) VALUES (546, 2, 13, 75, 8, 'Morning', '2025-10-26 08:31:00');
INSERT INTO fact_visits (visit_id, user_id, website_id, date_id, hour_of_day, time_of_day, visit_datetime) VALUES (547, 4, 19, 26, 4, 'Night', '2025-09-07 04:07:00');
INSERT INTO fact_visits (visit_id, user_id, website_id, date_id, hour_of_day, time_of_day, visit_datetime) VALUES (548, 5, 7, 97, 2, 'Night', '2025-11-17 02:34:00');
INSERT INTO fact_visits (visit_id, user_id, website_id, date_id, hour_of_day, time_of_day, visit_datetime) VALUES (549, 3, 13, 97, 19, 'Evening', '2025-11-17 19:25:55');
INSERT INTO fact_visits (visit_id, user_id, website_id, date_id, hour_of_day, time_of_day, visit_datetime) VALUES (550, 5, 3, 28, 18, 'Evening', '2025-09-09 18:50:00');
INSERT INTO fact_visits (visit_id, user_id, website_id, date_id, hour_of_day, time_of_day, visit_datetime) VALUES (551, 2, 2, 60, 21, 'Night', '2025-10-11 21:36:00');
INSERT INTO fact_visits (visit_id, user_id, website_id, date_id, hour_of_day, time_of_day, visit_datetime) VALUES (552, 5, 2, 21, 6, 'Morning', '2025-09-02 06:52:00');
INSERT INTO fact_visits (visit_id, user_id, website_id, date_id, hour_of_day, time_of_day, visit_datetime) VALUES (553, 5, 7, 81, 0, 'Night', '2025-11-01 00:00:00');
INSERT INTO fact_visits (visit_id, user_id, website_id, date_id, hour_of_day, time_of_day, visit_datetime) VALUES (554, 4, 5, 21, 10, 'Morning', '2025-09-02 10:09:00');
INSERT INTO fact_visits (visit_id, user_id, website_id, date_id, hour_of_day, time_of_day, visit_datetime) VALUES (555, 4, 15, 51, 14, 'Afternoon', '2025-10-02 14:02:00');
INSERT INTO fact_visits (visit_id, user_id, website_id, date_id, hour_of_day, time_of_day, visit_datetime) VALUES (556, 5, 5, 27, 3, 'Night', '2025-09-08 03:01:00');
INSERT INTO fact_visits (visit_id, user_id, website_id, date_id, hour_of_day, time_of_day, visit_datetime) VALUES (557, 1, 17, 70, 16, 'Afternoon', '2025-10-21 16:18:00');
INSERT INTO fact_visits (visit_id, user_id, website_id, date_id, hour_of_day, time_of_day, visit_datetime) VALUES (558, 1, 4, 78, 7, 'Morning', '2025-10-29 07:30:00');
INSERT INTO fact_visits (visit_id, user_id, website_id, date_id, hour_of_day, time_of_day, visit_datetime) VALUES (559, 3, 15, 45, 9, 'Morning', '2025-09-26 09:10:00');
INSERT INTO fact_visits (visit_id, user_id, website_id, date_id, hour_of_day, time_of_day, visit_datetime) VALUES (560, 3, 10, 146, 4, 'Night', '2026-01-07 04:44:39');
INSERT INTO fact_visits (visit_id, user_id, website_id, date_id, hour_of_day, time_of_day, visit_datetime) VALUES (561, 1, 10, 108, 15, 'Afternoon', '2025-11-28 15:12:00');
INSERT INTO fact_visits (visit_id, user_id, website_id, date_id, hour_of_day, time_of_day, visit_datetime) VALUES (562, 2, 19, 95, 7, 'Morning', '2025-11-15 07:16:00');
INSERT INTO fact_visits (visit_id, user_id, website_id, date_id, hour_of_day, time_of_day, visit_datetime) VALUES (563, 4, 8, 68, 13, 'Afternoon', '2025-10-19 13:05:00');
INSERT INTO fact_visits (visit_id, user_id, website_id, date_id, hour_of_day, time_of_day, visit_datetime) VALUES (564, 2, 11, 157, 14, 'Afternoon', '2026-01-19 14:57:00');
INSERT INTO fact_visits (visit_id, user_id, website_id, date_id, hour_of_day, time_of_day, visit_datetime) VALUES (565, 5, 6, 70, 1, 'Night', '2025-10-21 01:31:00');
INSERT INTO fact_visits (visit_id, user_id, website_id, date_id, hour_of_day, time_of_day, visit_datetime) VALUES (566, 3, 8, 116, 20, 'Evening', '2025-12-07 20:19:00');
INSERT INTO fact_visits (visit_id, user_id, website_id, date_id, hour_of_day, time_of_day, visit_datetime) VALUES (567, 3, 20, 16, 13, 'Afternoon', '2025-07-11 13:28:00');
INSERT INTO fact_visits (visit_id, user_id, website_id, date_id, hour_of_day, time_of_day, visit_datetime) VALUES (568, 3, 17, 63, 2, 'Night', '2025-10-14 02:04:00');
INSERT INTO fact_visits (visit_id, user_id, website_id, date_id, hour_of_day, time_of_day, visit_datetime) VALUES (569, 2, 3, 154, 18, 'Evening', '2026-01-16 18:41:00');
INSERT INTO fact_visits (visit_id, user_id, website_id, date_id, hour_of_day, time_of_day, visit_datetime) VALUES (570, 4, 3, 95, 8, 'Morning', '2025-11-15 08:38:41');
INSERT INTO fact_visits (visit_id, user_id, website_id, date_id, hour_of_day, time_of_day, visit_datetime) VALUES (571, 4, 9, 112, 14, 'Afternoon', '2025-12-02 14:53:00');
INSERT INTO fact_visits (visit_id, user_id, website_id, date_id, hour_of_day, time_of_day, visit_datetime) VALUES (572, 1, 12, 89, 16, 'Afternoon', '2025-11-09 16:06:30');
INSERT INTO fact_visits (visit_id, user_id, website_id, date_id, hour_of_day, time_of_day, visit_datetime) VALUES (573, 2, 2, 66, 17, 'Evening', '2025-10-17 17:50:00');
INSERT INTO fact_visits (visit_id, user_id, website_id, date_id, hour_of_day, time_of_day, visit_datetime) VALUES (574, 2, 3, 31, 13, 'Afternoon', '2025-09-12 13:53:53');
INSERT INTO fact_visits (visit_id, user_id, website_id, date_id, hour_of_day, time_of_day, visit_datetime) VALUES (575, 1, 14, 129, 21, 'Night', '2025-12-21 21:20:00');
INSERT INTO fact_visits (visit_id, user_id, website_id, date_id, hour_of_day, time_of_day, visit_datetime) VALUES (576, 5, 16, 21, 13, 'Afternoon', '2025-09-02 13:34:00');
INSERT INTO fact_visits (visit_id, user_id, website_id, date_id, hour_of_day, time_of_day, visit_datetime) VALUES (577, 2, 17, 135, 0, 'Night', '2025-12-27 00:00:00');
INSERT INTO fact_visits (visit_id, user_id, website_id, date_id, hour_of_day, time_of_day, visit_datetime) VALUES (578, 4, 13, 143, 10, 'Morning', '2026-01-04 10:41:37');
INSERT INTO fact_visits (visit_id, user_id, website_id, date_id, hour_of_day, time_of_day, visit_datetime) VALUES (579, 3, 9, 9, 12, 'Afternoon', '2025-04-11 12:14:00');
INSERT INTO fact_visits (visit_id, user_id, website_id, date_id, hour_of_day, time_of_day, visit_datetime) VALUES (580, 2, 7, 125, 2, 'Night', '2025-12-17 02:51:00');
INSERT INTO fact_visits (visit_id, user_id, website_id, date_id, hour_of_day, time_of_day, visit_datetime) VALUES (581, 5, 18, 99, 1, 'Night', '2025-11-19 01:33:05');
INSERT INTO fact_visits (visit_id, user_id, website_id, date_id, hour_of_day, time_of_day, visit_datetime) VALUES (582, 2, 1, 59, 3, 'Night', '2025-10-10 03:51:54');
INSERT INTO fact_visits (visit_id, user_id, website_id, date_id, hour_of_day, time_of_day, visit_datetime) VALUES (583, 3, 8, 102, 17, 'Evening', '2025-11-22 17:38:00');
INSERT INTO fact_visits (visit_id, user_id, website_id, date_id, hour_of_day, time_of_day, visit_datetime) VALUES (584, 1, 3, 96, 22, 'Night', '2025-11-16 22:37:00');
INSERT INTO fact_visits (visit_id, user_id, website_id, date_id, hour_of_day, time_of_day, visit_datetime) VALUES (585, 4, 14, 124, 11, 'Morning', '2025-12-16 11:31:00');
INSERT INTO fact_visits (visit_id, user_id, website_id, date_id, hour_of_day, time_of_day, visit_datetime) VALUES (586, 4, 9, 108, 10, 'Morning', '2025-11-28 10:03:00');
INSERT INTO fact_visits (visit_id, user_id, website_id, date_id, hour_of_day, time_of_day, visit_datetime) VALUES (587, 5, 4, 37, 16, 'Afternoon', '2025-09-18 16:43:43');
INSERT INTO fact_visits (visit_id, user_id, website_id, date_id, hour_of_day, time_of_day, visit_datetime) VALUES (588, 2, 1, 122, 20, 'Evening', '2025-12-14 20:29:00');
INSERT INTO fact_visits (visit_id, user_id, website_id, date_id, hour_of_day, time_of_day, visit_datetime) VALUES (589, 1, 10, 111, 14, 'Afternoon', '2025-12-01 14:34:56');
INSERT INTO fact_visits (visit_id, user_id, website_id, date_id, hour_of_day, time_of_day, visit_datetime) VALUES (590, 3, 8, 61, 17, 'Evening', '2025-10-12 17:14:00');
INSERT INTO fact_visits (visit_id, user_id, website_id, date_id, hour_of_day, time_of_day, visit_datetime) VALUES (591, 5, 7, 83, 18, 'Evening', '2025-11-03 18:12:00');
INSERT INTO fact_visits (visit_id, user_id, website_id, date_id, hour_of_day, time_of_day, visit_datetime) VALUES (592, 1, 3, 39, 7, 'Morning', '2025-09-20 07:01:00');
INSERT INTO fact_visits (visit_id, user_id, website_id, date_id, hour_of_day, time_of_day, visit_datetime) VALUES (593, 1, 13, 26, 2, 'Night', '2025-09-07 02:23:00');
INSERT INTO fact_visits (visit_id, user_id, website_id, date_id, hour_of_day, time_of_day, visit_datetime) VALUES (594, 4, 9, 85, 7, 'Morning', '2025-11-05 07:43:00');
INSERT INTO fact_visits (visit_id, user_id, website_id, date_id, hour_of_day, time_of_day, visit_datetime) VALUES (595, 5, 8, 67, 10, 'Morning', '2025-10-18 10:02:33');
INSERT INTO fact_visits (visit_id, user_id, website_id, date_id, hour_of_day, time_of_day, visit_datetime) VALUES (596, 3, 13, 72, 0, 'Night', '2025-10-23 00:50:00');
INSERT INTO fact_visits (visit_id, user_id, website_id, date_id, hour_of_day, time_of_day, visit_datetime) VALUES (597, 5, 2, 135, 16, 'Afternoon', '2025-12-27 16:54:00');
INSERT INTO fact_visits (visit_id, user_id, website_id, date_id, hour_of_day, time_of_day, visit_datetime) VALUES (598, 5, 16, 157, 6, 'Morning', '2026-01-19 06:49:00');